Carrier,Year,Total Departures,Total Passengers,Total Seats,Total Load Factor (%),Total Passengers/Flight,Total Seats/Flight,Total Distance/Flight (sm),Total Distance/Passenger (sm),Total Payload (lbs),Total Freight (lbs),Total Mail (lbs),Domestic Departures,Domestic Passengers,Domestic Seats,Domestic Load Factor (%),Domestic Passengers/Flight,Domestic Seats/Flight,Domestic Distance/Flight (sm),Domestic Distance/Passenger (sm),Domestic Payload (lbs),Domestic Freight (lbs),Domestic Mail (lbs),Outbound International Departures,Outbound International Passengers,Outbound International Seats,Outbound International Load Factor (%),Outbound International Passengers/Flight,Outbound International Seats/Flight,Outbound International Distance/Flight (sm),Outbound International Distance/Passenger (sm),Outbound International Payload (lbs),Outbound International Freight (lbs),Outbound International Mail (lbs),Inbound International Departures,Inbound International Passengers,Inbound International Seats,Inbound International Load Factor (%),Inbound International Passengers/Flight,Inbound International Seats/Flight,Inbound International Distance/Flight (sm),Inbound International Distance/Passenger (sm),Inbound International Payload (lbs),Inbound International Freight (lbs),Inbound International Mail (lbs)
1263343 Alberta Inc. d/b/a Lynx Air,2023,"1,923.00","207,109.00","363,447.00",57,107.7,189,"1,371.80","1,373.23","293,180,580.00",0,0,0,0,0,0,0,0,0,0,0,0,0,961,"104,659.00","181,629.00",57.6,108.91,189,"1,371.25","1,363.83","146,514,060.00",0,0,962,"102,450.00","181,818.00",56.3,106.5,189,"1,372.36","1,382.83","146,666,520.00",0,0
40-Mile Air,2023,"1,068.00","1,066.00","4,256.00",25,1,3.99,118.31,128.14,"1,131,378.00","109,761.00","18,856.00","1,068.00","1,066.00","4,256.00",25,1,3.99,118.31,128.14,"1,131,378.00","109,761.00","18,856.00",0,0,0,0,0,0,0,0,0,0,0,0,0,0,0,0,0,0,0,0,0,0
ABS JETS A.S,2023,44,118,634,18.6,2.68,14.41,"2,636.91","2,333.56","266,412.00","25,960.00",0,13,50,181,27.6,3.85,13.92,694.69,774.06,"76,059.00","11,000.00",0,15,37,220,16.8,2.47,14.67,"3,364.07","3,496.76","92,445.00","8,140.00",0,16,31,233,13.3,1.94,14.56,"3,533.25","3,460.55","97,908.00","6,820.00",0
ABSA-Aerolinhas Brasileiras,2023,957,0,0,0,0,0,"2,631.96",0,"113,456,528.00","86,979,757.00",0,2,0,0,0,0,0,127,0,"237,600.00","220,367.00",0,479,0,0,0,0,0,"3,492.28",0,"56,793,000.00","36,778,874.00",0,476,0,0,0,0,0,"1,776.75",0,"56,425,928.00","49,980,516.00",0
ABX Air Inc,2023,"16,253.00",0,0,0,0,0,"1,197.09",0,"1,868,748,500.00","1,006,208,360.00",0,"14,306.00",0,0,0,0,0,"1,086.30",0,"1,625,513,000.00","857,465,574.00",0,973,0,0,0,0,0,"1,998.19",0,"121,555,000.00","70,891,592.00",0,974,0,0,0,0,0,"2,024.17",0,"121,680,500.00","77,851,194.00",0
ACM AIR CHARTER GmbH,2023,93,174,"1,302.00",13.4,1.87,14,"2,300.66","2,803.71","327,360.00",0,0,49,63,686,9.2,1.29,14,322.82,399.86,"172,480.00",0,0,22,56,308,18.2,2.55,14,"4,564.36","4,409.04","77,440.00",0,0,22,55,308,17.9,2.5,14,"4,442.14","3,922.71","77,440.00",0,0
"ADVANCED AIR, LLC",2023,"7,884.00","43,338.00","84,554.00",51.3,5.5,10.72,274.5,291.51,"16,911,000.00",0,0,"7,870.00","43,272.00","84,401.00",51.3,5.5,10.72,273.27,290.42,"16,880,400.00",0,0,6,22,56,39.3,3.67,9.33,857.5,856.68,"11,200.00",0,0,8,44,97,45.4,5.5,12.13,"1,051.00","1,081.34","19,400.00",0,0
AVCON JET MALTA LTD,2023,12,36,168,21.4,3,14,"4,414.50","3,737.69","31,200.00",0,0,2,14,28,50,7,14,"1,625.00","1,625.00","5,200.00",0,0,6,18,84,21.4,3,14,"5,218.50","5,188.56","15,600.00",0,0,4,4,56,7.1,1,14,"4,603.25","4,603.25","10,400.00",0,0
AXIS Aviation Switzerland AG,2023,10,46,140,32.9,4.6,14,"3,424.00","3,266.74","26,600.00",0,0,0,0,0,0,0,0,0,0,0,0,0,5,21,70,30,4.2,14,"3,958.20","4,603.62","13,201.00",0,0,5,25,70,35.7,5,14,"2,889.80","2,143.76","13,399.00",0,0
Acropolis Aviation Ltd.,2023,49,288,931,30.9,5.88,19,"3,938.88","4,005.27","1,293,600.00",0,0,0,0,0,0,0,0,0,0,0,0,0,25,145,475,30.5,5.8,19,"3,986.16","4,004.42","660,000.00",0,0,24,143,456,31.4,5.96,19,"3,889.63","4,006.13","633,600.00",0,0
Aer Lingus Plc,2023,"12,415.00","2,584,143.00","3,244,764.00",79.6,208.15,261.36,"3,594.21","3,636.96","753,424,244.00","52,415,595.00",0,0,0,0,0,0,0,0,0,0,0,0,"6,233.00","1,275,559.00","1,630,625.00",78.2,204.65,261.61,"3,591.11","3,630.57","373,483,913.00","21,306,432.00",0,"6,182.00","1,308,584.00","1,614,139.00",81.1,211.68,261.1,"3,597.34","3,643.20","379,940,331.00","31,109,163.00",0
AeroLogic GmbH,2023,"3,613.00",0,0,0,0,0,"4,715.39",0,"838,569,342.00","512,073,080.00",0,173,0,0,0,0,0,890.13,0,"40,152,918.00","20,642,798.00",0,"1,721.00",0,0,0,0,0,"4,671.46",0,"399,440,312.00","205,375,907.00",0,"1,719.00",0,0,0,0,0,"5,144.34",0,"398,976,112.00","286,054,375.00",0
"Aeroenlaces Nacionales, S.A. de C.V. d/b/a VivaAerobus",2023,"12,995.00","1,851,696.00","2,480,202.00",74.7,142.49,190.86,"1,069.39","1,128.37","506,419,609.00","1,840,727.00",0,4,182,728,25,45.5,182,188.75,224,"146,523.00",0,0,"6,493.00","941,538.00","1,239,317.00",76,145.01,190.87,"1,069.81","1,128.99","253,035,109.00","348,417.00",0,"6,498.00","909,976.00","1,240,157.00",73.4,140.04,190.85,"1,069.51","1,127.92","253,237,977.00","1,492,310.00",0
Aerogal,2023,262,"31,549.00","40,171.00",78.5,120.42,153.32,"2,774.26","2,763.25","9,820,935.00","469,310.00",0,0,0,0,0,0,0,0,0,0,0,0,131,"17,239.00","20,051.00",86,131.6,153.06,"2,774.26","2,763.96","4,969,709.00","5,456.00",0,131,"14,310.00","20,120.00",71.1,109.24,153.59,"2,774.26","2,762.39","4,851,226.00","463,854.00",0
Aerolineas Argentinas,2023,"1,354.00","282,152.00","358,708.00",78.7,208.38,264.92,"4,609.15","4,602.02","76,130,380.00","22,302.00",0,0,0,0,0,0,0,0,0,0,0,0,677,"141,526.00","179,892.00",78.7,209.05,265.72,"4,609.15","4,596.95","37,980,827.00","6,889.00",0,677,"140,626.00","178,816.00",78.6,207.72,264.13,"4,609.15","4,607.13","38,149,553.00","15,413.00",0
Aerolitoral,2023,"5,286.00","426,145.00","523,314.00",81.4,80.62,99,971.82,968.09,"121,797,284.00","19,382.00",0,12,981,"1,188.00",82.6,81.75,99,182,182.64,"260,556.00",102,0,"2,633.00","209,237.00","260,667.00",80.3,79.47,99,973.84,966.95,"61,630,222.00","3,705.00",0,"2,641.00","215,927.00","261,459.00",82.6,81.76,99,973.39,972.76,"59,906,506.00","15,575.00",0
Aeromexico,2023,"20,463.00","2,938,042.00","3,475,571.00",84.5,143.58,169.85,"1,544.47","1,565.41","879,195,146.00","39,220,124.00",0,16,"1,973.00","2,578.00",76.5,123.31,161.13,223.5,248.07,"619,973.00","3,872.00",0,"10,218.00","1,459,859.00","1,735,453.00",84.1,142.87,169.84,"1,545.25","1,565.19","447,314,177.00","13,902,041.00",0,"10,229.00","1,476,210.00","1,737,540.00",85,144.32,169.86,"1,545.77","1,567.39","431,260,996.00","25,314,211.00",0
Aerotransportes Mas De Crga,2023,"1,780.00",0,0,0,0,0,"2,438.00",0,"225,098,223.00","166,733,292.00",0,0,0,0,0,0,0,0,0,0,0,0,881,0,0,0,0,0,"2,465.88",0,"107,639,478.00","79,166,894.00",0,899,0,0,0,0,0,"2,410.67",0,"117,458,745.00","87,566,398.00",0
Aerounion Aerotransporte de Carga Union SA de CV,2023,884,0,0,0,0,0,"1,405.12",0,"85,571,200.00","54,729,424.00",0,0,0,0,0,0,0,0,0,0,0,0,443,0,0,0,0,0,"1,432.76",0,"42,882,400.00","22,805,296.00",0,441,0,0,0,0,0,"1,377.35",0,"42,688,800.00","31,924,128.00",0
Aerovias Nacl De Colombia,2023,"13,504.00","1,991,923.00","2,445,232.00",81.5,147.51,181.07,"1,898.73","1,923.03","607,935,200.00","31,719,397.00",0,0,0,0,0,0,0,0,0,0,0,0,"6,747.00","981,033.00","1,220,864.00",80.4,145.4,180.95,"1,898.72","1,926.58","304,659,208.00","6,814,609.00",0,"6,757.00","1,010,890.00","1,224,368.00",82.6,149.61,181.2,"1,898.74","1,919.57","303,275,992.00","24,904,788.00",0
Aerovias de Intergracian Regional,2023,"1,543.00","230,889.00","267,960.00",86.2,149.64,173.66,"1,542.00","1,542.59","58,747,557.00","393,429.00",0,0,0,0,0,0,0,0,0,0,0,0,787,"117,053.00","136,590.00",85.7,148.73,173.56,"1,541.29","1,540.01","29,997,855.00",272,0,756,"113,836.00","131,370.00",86.7,150.58,173.77,"1,542.74","1,545.24","28,749,702.00","393,157.00",0
Air Alsie A/S,2023,272,655,"3,025.00",21.7,2.41,11.12,"3,034.88","3,412.27","908,642.00",0,0,76,90,527,17.1,1.18,6.93,803.8,"1,085.13","153,660.00",0,0,94,279,"1,197.00",23.3,2.97,12.73,"3,988.72","3,885.17","362,156.00",0,0,102,286,"1,301.00",22,2.8,12.75,"3,818.23","3,683.27","392,826.00",0,0
Air Atlanta Icelandic,2023,987,0,0,0,0,0,"4,185.55",0,"257,118,419.00","146,559,798.00",0,32,0,0,0,0,0,258.59,0,"8,411,848.00","392,480.00",0,479,0,0,0,0,0,"4,300.52",0,"124,212,563.00","52,909,054.00",0,476,0,0,0,0,0,"4,333.86",0,"124,494,008.00","93,258,264.00",0
Air Canada,2023,"49,134.00","6,605,176.00","7,946,112.00",83.1,134.43,161.72,"1,507.89","1,562.86","2,211,056,072.00","73,396,453.00",0,404,"20,852.00","28,584.00",72.9,51.61,70.75,688.26,670.96,"17,893,619.00","1,771,531.00",0,"24,334.00","3,328,661.00","3,953,480.00",84.2,136.79,162.47,"1,523.16","1,563.39","1,091,045,928.00","38,344,644.00",0,"24,396.00","3,255,663.00","3,964,048.00",82.1,133.45,162.49,"1,506.22","1,568.03","1,102,116,525.00","33,280,278.00",0
Air Canada rouge LP,2023,"14,324.00","2,156,633.00","2,498,810.00",86.3,150.56,174.45,"1,393.39","1,401.41","569,491,663.00","177,588.00",0,22,"3,358.00","3,728.00",90.1,152.64,169.45,273.82,287.03,"874,398.00",0,0,"7,130.00","1,072,573.00","1,241,812.00",86.4,150.43,174.17,"1,395.56","1,403.49","279,304,121.00","118,145.00",0,"7,172.00","1,080,702.00","1,253,270.00",86.2,150.68,174.74,"1,394.68","1,402.81","289,313,144.00","59,443.00",0
"Air Charter, Inc d/b/a Air Flamenco",2023,"7,090.00","16,569.00","28,015.00",59.1,2.34,3.95,51.35,37.92,"12,073,118.00","2,737,202.00","1,483,780.00","6,180.00","16,474.00","27,900.00",59,2.67,4.51,41.17,37.57,"10,559,415.00","1,592,898.00","1,482,735.00",810,46,53,86.8,0.06,0.07,115.78,97.74,"1,480,323.00","1,123,324.00","1,045.00",100,49,62,79,0.49,0.62,159.1,98,"33,380.00","20,980.00",0
Air China,2023,"1,383.00","119,987.00","138,991.00",86.3,86.76,100.5,"5,083.09","6,587.33","262,555,061.00","191,102,260.00",0,346,0,0,0,0,0,"3,125.36",0,"87,191,654.00","68,638,788.00",0,365,"58,914.00","70,702.00",83.3,161.41,193.7,"6,527.32","6,558.73","42,303,446.00","24,527,757.00",0,672,"61,073.00","68,289.00",89.4,90.88,101.62,"5,306.64","6,614.92","133,059,961.00","97,935,715.00",0
Air Europa,2023,"1,108.00","310,682.00","357,104.00",87,280.4,322.3,"4,123.73","4,134.07","164,396,945.00","6,529,065.00",0,3,290,333,87.1,96.67,111,91.67,62,"470,541.00","8,109.00",0,552,"152,352.00","178,074.00",85.6,276,322.6,"4,138.79","4,135.60","81,909,590.00","871,023.00",0,553,"158,040.00","178,697.00",88.4,285.79,323.14,"4,130.56","4,140.06","82,016,814.00","5,649,933.00",0
Air Excursions LLC,2023,"2,037.00","8,173.00","19,211.00",42.5,4.01,9.43,40.96,41,"5,337,521.00","266,718.00","224,770.00","2,037.00","8,173.00","19,211.00",42.5,4.01,9.43,40.96,41,"5,337,521.00","266,718.00","224,770.00",0,0,0,0,0,0,0,0,0,0,0,0,0,0,0,0,0,0,0,0,0,0
Air Hamburg Luftverkehrsgesellschaft mbH,2023,526,"1,157.00","4,084.00",28.3,2.2,7.76,"2,949.84","3,450.84","2,677,076.00","118,207.00",0,87,91,285,31.9,1.05,3.28,"1,027.74","1,421.86","138,783.00",0,0,171,625,"2,292.00",27.3,3.65,13.4,"3,678.94","3,586.94","1,025,458.00",0,0,268,441,"1,507.00",29.3,1.65,5.62,"3,108.60","3,676.64","1,512,835.00","118,207.00",0
Air New Zealand,2023,"3,013.00","723,414.00","958,095.00",75.5,240.1,317.99,"6,866.70","6,804.57","857,711,483.00","177,903,309.00",0,0,0,0,0,0,0,0,0,0,0,0,"1,506.00","347,358.00","479,215.00",72.5,230.65,318.2,"6,874.91","6,761.34","419,357,493.00","85,674,108.00",0,"1,507.00","376,056.00","478,880.00",78.5,249.54,317.77,"6,858.50","6,844.51","438,353,990.00","92,229,201.00",0
Air Pacific Ltd.,2023,"1,415.00","315,770.00","403,048.00",78.3,223.16,284.84,"4,846.33","5,257.04","139,375,953.00","23,583,404.00",0,0,0,0,0,0,0,0,0,0,0,0,707,"155,379.00","201,169.00",77.2,219.77,284.54,"4,845.83","5,262.29","69,492,781.00","12,223,131.00",0,708,"160,391.00","201,879.00",79.4,226.54,285.14,"4,846.84","5,251.96","69,883,172.00","11,360,273.00",0
Air Senegal S.A,2023,236,"38,334.00","61,270.00",62.6,162.43,259.62,"3,842.68","3,834.17","14,150,609.00",0,0,0,0,0,0,0,0,0,0,0,0,0,118,"16,903.00","30,030.00",56.3,143.25,254.49,"3,842.68","3,832.18","6,992,505.00",0,0,118,"21,431.00","31,240.00",68.6,181.62,264.75,"3,842.68","3,835.74","7,158,104.00",0,0
Air Serbia,2023,438,"87,723.00","103,280.00",84.9,200.28,235.8,"4,511.00","4,511.00","22,507,075.00","4,944,931.00",0,0,0,0,0,0,0,0,0,0,0,0,219,"41,812.00","52,160.00",80.2,190.92,238.17,"4,511.00","4,511.00","9,941,817.00","1,571,055.00",0,219,"45,911.00","51,120.00",89.8,209.64,233.42,"4,511.00","4,511.00","12,565,258.00","3,373,876.00",0
Air Tahiti Nui,2023,"1,457.00","354,327.00","431,272.00",82.2,243.19,296,"4,652.79","4,694.82","115,394,400.00","14,511,911.00",0,0,0,0,0,0,0,0,0,0,0,0,727,"172,703.00","215,192.00",80.3,237.56,296,"4,653.94","4,693.94","57,578,400.00","7,348,455.00",0,730,"181,624.00","216,080.00",84.1,248.8,296,"4,651.64","4,695.66","57,816,000.00","7,163,456.00",0
Air Transat,2023,"2,831.00","455,665.00","565,303.00",80.6,160.96,199.68,"1,438.06","1,427.18","149,080,800.00",0,0,0,0,0,0,0,0,0,0,0,0,0,"1,415.00","230,143.00","282,402.00",81.5,162.65,199.58,"1,433.52","1,426.43","74,514,000.00",0,0,"1,416.00","225,522.00","282,901.00",79.7,159.27,199.79,"1,442.59","1,427.95","74,566,800.00",0,0
Air Transport International,2023,"32,825.00",16,7,228.6,0,0,"1,194.95","1,040.50","3,944,636,600.00","2,244,569,007.00",0,"32,817.00",16,7,228.6,0,0,"1,194.27","1,040.50","3,943,652,600.00","2,244,177,114.00",0,4,0,0,0,0,0,"3,850.00",0,"492,000.00","261,664.00",0,4,0,0,0,0,0,"4,146.25",0,"492,000.00","130,229.00",0
Air Wisconsin Airlines Corp,2023,"59,210.00","2,469,242.00","2,960,500.00",83.4,41.7,50,301.58,304.27,"724,730,400.00","2,427.00",0,"56,412.00","2,347,096.00","2,820,600.00",83.2,41.61,50,291.48,293.73,"690,482,880.00","2,427.00",0,"1,399.00","60,388.00","69,950.00",86.3,43.17,50,505.38,506.75,"17,123,760.00",0,0,"1,399.00","61,758.00","69,950.00",88.3,44.14,50,505.22,506.72,"17,123,760.00",0,0
Alaska Airlines Inc.,2023,"267,646.00","35,716,328.00","44,259,555.00",80.7,133.45,165.37,"1,387.45","1,483.30","11,764,450,300.00","144,168,895.00","41,311,336.00","252,027.00","33,384,121.00","41,555,076.00",80.3,132.46,164.88,"1,373.84","1,473.02","11,057,725,100.00","143,733,957.00","41,311,336.00","7,814.00","1,174,193.00","1,352,991.00",86.8,150.27,173.15,"1,606.80","1,633.38","353,558,200.00","211,422.00",0,"7,805.00","1,158,014.00","1,351,488.00",85.7,148.37,173.16,"1,607.26","1,627.40","353,167,000.00","223,516.00",0
Alaska Central Express,2023,"16,029.00","13,901.00","24,928.00",55.8,0.87,1.56,371.33,427.62,"88,509,040.00","16,016,883.00","16,438,452.00","16,029.00","13,901.00","24,928.00",55.8,0.87,1.56,371.33,427.62,"88,509,040.00","16,016,883.00","16,438,452.00",0,0,0,0,0,0,0,0,0,0,0,0,0,0,0,0,0,0,0,0,0,0
Albinati Aeronautics SA,2023,46,140,548,25.5,3.04,11.91,"3,857.52","4,093.56","110,492.00",0,0,0,0,0,0,0,0,0,0,0,0,0,23,75,274,27.4,3.26,11.91,"3,763.70","4,069.63","55,246.00",0,0,23,65,274,23.7,2.83,11.91,"3,951.35","4,121.18","55,246.00",0,0
Albinati aviation Limited,2023,22,62,288,21.5,2.82,13.09,"3,783.36","3,907.73","57,660.00",0,0,0,0,0,0,0,0,0,0,0,0,0,11,27,144,18.8,2.45,13.09,"4,131.36","4,252.96","28,830.00",0,0,11,35,144,24.3,3.18,13.09,"3,435.36","3,641.40","28,830.00",0,0
Alia-(The) Royal Jordanian,2023,"1,593.00","354,753.00","422,145.00",84,222.69,265,"6,044.87","6,046.38","142,749,200.00","8,089,471.00",0,0,0,0,0,0,0,0,0,0,0,0,796,"169,915.00","210,940.00",80.6,213.46,265,"6,044.86","6,044.48","72,674,800.00","2,641,398.00",0,797,"184,838.00","211,205.00",87.5,231.92,265,"6,044.87","6,048.12","70,074,400.00","5,448,073.00",0
All Nippon Airways Co.,2023,"10,896.00","1,862,670.00","2,376,106.00",78.4,170.95,218.07,"5,586.80","5,412.64","1,234,146,145.00","350,840,325.00",0,0,0,0,0,0,0,0,0,0,0,0,"5,447.00","914,770.00","1,187,072.00",77.1,167.94,217.93,"5,586.59","5,415.80","616,830,371.00","123,726,387.00",0,"5,449.00","947,900.00","1,189,034.00",79.7,173.96,218.21,"5,587.01","5,409.59","617,315,774.00","227,113,938.00",0
Allegiant Air,2023,"116,290.00","17,453,656.00","20,499,688.00",85.1,150.09,176.28,898.41,913,"4,099,940,800.00",0,0,"115,987.00","17,405,011.00","20,444,476.00",85.1,150.06,176.27,896.61,911.1,"4,088,898,400.00",0,0,152,"24,405.00","27,696.00",88.1,160.56,182.21,"1,582.64","1,590.05","5,539,200.00",0,0,151,"24,240.00","27,516.00",88.1,160.53,182.23,"1,588.26","1,595.59","5,503,200.00",0,0
Alliance Executive Jets Ltd.,2023,10,39,130,30,3.9,13,"3,862.60","4,185.28","35,990.00",0,0,2,1,26,3.8,0.5,13,"1,388.50",491,"7,198.00",0,0,4,24,52,46.2,6,13,"4,135.75","4,093.38","14,396.00",0,0,4,14,52,26.9,3.5,13,"4,826.50","4,606.71","14,396.00",0,0
Aloha Air Cargo,2023,"12,764.00",0,0,0,0,0,143.15,0,"475,535,000.00","99,488,125.00","30,911,661.00","12,764.00",0,0,0,0,0,143.15,0,"475,535,000.00","99,488,125.00","30,911,661.00",0,0,0,0,0,0,0,0,0,0,0,0,0,0,0,0,0,0,0,0,0,0
American Airlines Inc.,2023,"1,144,745.00","164,800,066.00","198,615,236.00",83,143.96,173.5,"1,147.47","1,272.29","52,710,257,900.00","878,264,192.00","61,975,548.00","933,815.00","131,299,831.00","158,253,433.00",83,140.61,169.47,961.91,"1,006.65","40,757,647,500.00","144,510,288.00","34,691,745.00","105,494.00","16,645,367.00","20,187,461.00",82.5,157.78,191.36,"1,969.76","2,321.47","5,978,555,200.00","245,538,622.00","12,373,637.00","105,436.00","16,854,868.00","20,174,342.00",83.5,159.86,191.34,"1,968.20","2,305.55","5,974,055,200.00","488,215,282.00","14,910,166.00"
Amerijet International,2023,"6,096.00",0,0,0,0,0,"1,399.57",0,"620,372,790.00","346,248,217.00","1,019,307.00","3,259.00",0,0,0,0,0,"1,530.21",0,"331,933,790.00","180,494,209.00","22,273.00","1,375.00",0,0,0,0,0,"1,291.94",0,"140,165,000.00","74,729,892.00","961,620.00","1,462.00",0,0,0,0,0,"1,209.59",0,"148,274,000.00","91,024,116.00","35,414.00"
Ameristar Air Cargo,2023,704,"1,269.00","2,820.00",45,1.8,4.01,820.27,719.09,"16,046,472.00","1,768,470.00",0,614,"1,269.00","2,820.00",45,2.07,4.59,858.42,719.09,"14,052,398.00","1,537,658.00",0,45,0,0,0,0,0,730.78,0,"997,037.00","150,317.00",0,45,0,0,0,0,0,389.16,0,"997,037.00","80,495.00",0
Antonov Company,2023,150,0,0,0,0,0,"2,593.25",0,"39,600,000.00","15,892,213.00",0,82,0,0,0,0,0,"1,905.96",0,"21,648,000.00","8,276,064.00",0,50,0,0,0,0,0,"3,499.58",0,"13,200,000.00","5,719,863.00",0,18,0,0,0,0,0,"3,206.61",0,"4,752,000.00","1,896,286.00",0
Asia Pacific,2023,758,0,0,0,0,0,"2,466.81",0,"43,964,000.00","7,911,221.00","10,138,195.00",376,0,0,0,0,0,"3,502.16",0,"21,808,000.00","2,466,137.00","7,644,781.00",191,0,0,0,0,0,"1,504.48",0,"11,078,000.00","1,174,470.00","2,068,300.00",191,0,0,0,0,0,"1,390.95",0,"11,078,000.00","4,270,614.00","425,114.00"
Asiana Airlines Inc.,2023,"8,935.00","1,289,396.00","1,482,263.00",87,144.31,165.89,"4,237.55","5,722.72","1,302,315,193.00","484,882,856.00",0,"2,757.00",0,0,0,0,0,"1,544.51",0,"588,139,200.00","233,103,108.00",0,"3,109.00","628,314.00","739,115.00",85,202.1,237.73,"5,523.71","5,728.78","364,298,023.00","108,854,947.00",0,"3,069.00","661,082.00","743,148.00",89,215.41,242.15,"5,353.89","5,716.97","349,877,970.00","142,924,801.00",0
Atlas Air Inc.,2023,"34,261.00","13,527.00","98,923.00",13.7,0.39,2.89,"2,518.67","1,398.84","10,467,661,913.00","4,065,864,150.00",0,"22,562.00","12,047.00","86,776.00",13.9,0.53,3.85,"1,761.57","1,053.02","6,542,033,713.00","2,097,906,395.00",0,"5,610.00",846,"4,823.00",17.5,0.15,0.86,"4,037.47","4,141.18","1,883,251,590.00","662,811,617.00",0,"6,089.00",634,"7,324.00",8.7,0.1,1.2,"3,924.71","4,310.71","2,042,376,610.00","1,305,146,138.00",0
Austrian Airlines,2023,"2,549.00","592,690.00","703,117.00",84.3,232.52,275.84,"4,489.54","4,509.84","338,038,802.00","29,517,466.00",0,0,0,0,0,0,0,0,0,0,0,0,"1,275.00","297,477.00","351,319.00",84.7,233.32,275.54,"4,489.63","4,512.21","169,019,401.00","10,303,827.00",0,"1,274.00","295,213.00","351,798.00",83.9,231.72,276.14,"4,489.46","4,507.45","169,019,401.00","19,213,639.00",0
Avcon Jet AG,2023,255,"1,131.00","3,745.00",30.2,4.44,14.69,"3,918.87","3,988.78","1,583,498.00",0,0,22,112,307,36.5,5.09,13.95,910.91,947.82,"119,309.00",0,0,113,501,"1,660.00",30.2,4.43,14.69,"4,203.08","4,346.50","707,771.00",0,0,120,518,"1,778.00",29.1,4.32,14.82,"4,202.71","4,300.31","756,418.00",0,0
"Aviateca, S.A.",2023,34,"4,920.00","6,062.00",81.2,144.71,178.29,"2,194.00","2,194.00","1,351,486.00","54,509.00",0,0,0,0,0,0,0,0,0,0,0,0,17,"2,773.00","3,060.00",90.6,163.12,180,"2,194.00","2,194.00","720,174.00",0,0,17,"2,147.00","3,002.00",71.5,126.29,176.59,"2,194.00","2,194.00","631,312.00","54,509.00",0
Axis Aviation GmbH,2023,2,2,28,7.1,1,14,"4,360.50","4,360.50","5,200.00",0,0,0,0,0,0,0,0,0,0,0,0,0,1,1,14,7.1,1,14,"3,911.00","3,911.00","2,600.00",0,0,1,1,14,7.1,1,14,"4,810.00","4,810.00","2,600.00",0,0
Azul Linhas Aereas Brazileiras S A,2023,"2,923.00","664,003.00","782,595.00",84.8,227.16,267.74,"3,832.03","3,950.41","258,839,416.00","34,175,207.00",0,1,0,0,0,0,0,"1,807.00",0,"99,790.00",0,0,"1,457.00","331,273.00","390,229.00",84.9,227.37,267.83,"3,834.70","3,954.65","128,242,186.00","12,680,620.00",0,"1,465.00","332,730.00","392,366.00",84.8,227.12,267.83,"3,830.77","3,946.20","130,497,440.00","21,494,587.00",0
Bairline Fluggesellschaft,2023,25,97,305,31.8,3.88,12.2,"3,761.40","3,693.21","88,182.00",0,0,2,7,21,33.3,3.5,10.5,591.5,543,"5,496.00",0,0,11,45,138,32.6,4.09,12.55,"4,093.73","3,963.20","40,542.00",0,0,12,45,146,30.8,3.75,12.17,"3,985.08","3,913.24","42,144.00",0,0
Baranautica Air Service LLC,2023,213,317,639,49.6,1.49,3,49.13,53.24,"298,200.00","2,350.00","4,464.00",213,317,639,49.6,1.49,3,49.13,53.24,"298,200.00","2,350.00","4,464.00",0,0,0,0,0,0,0,0,0,0,0,0,0,0,0,0,0,0,0,0,0,0
Bering Air Inc.,2023,"42,843.00","153,698.00","372,637.00",41.2,3.59,8.7,89.19,87.72,"153,874,000.00","3,785,870.00","17,139,928.00","42,843.00","153,698.00","372,637.00",41.2,3.59,8.7,89.19,87.72,"153,874,000.00","3,785,870.00","17,139,928.00",0,0,0,0,0,0,0,0,0,0,0,0,0,0,0,0,0,0,0,0,0,0
Boutique Air,2023,"5,691.00","30,791.00","46,193.00",66.7,5.41,8.12,245.02,249.75,"10,045,000.00",0,0,"5,691.00","30,791.00","46,193.00",66.7,5.41,8.12,245.02,249.75,"10,045,000.00",0,0,0,0,0,0,0,0,0,0,0,0,0,0,0,0,0,0,0,0,0,0,0,0
Bradley Air Services Ltd.,2023,14,911,"1,984.00",45.9,65.07,141.71,840.71,837.83,"396,798.00",0,0,0,0,0,0,0,0,0,0,0,0,0,7,312,992,31.5,44.57,141.71,840.71,961.98,"198,400.00",0,0,7,599,992,60.4,85.57,141.71,840.71,773.16,"198,398.00",0,0
Breeze Aviation Group DBA  Breeze,2023,"30,068.00","2,843,285.00","3,803,860.00",74.7,94.56,126.51,901.74,943.78,"948,555,168.00",0,0,"30,068.00","2,843,285.00","3,803,860.00",74.7,94.56,126.51,901.74,943.78,"948,555,168.00",0,0,0,0,0,0,0,0,0,0,0,0,0,0,0,0,0,0,0,0,0,0,0,0
Britannia Airways Ltd.,2023,889,"229,240.00","287,885.00",79.6,257.86,323.83,"4,238.72","4,235.75","83,470,532.00","3,658,648.00",0,0,0,0,0,0,0,0,0,0,0,0,445,"114,870.00","144,020.00",79.8,258.13,323.64,"4,237.03","4,232.45","41,561,136.00","68,346.00",0,444,"114,370.00","143,865.00",79.5,257.59,324.02,"4,240.42","4,239.07","41,909,396.00","3,590,302.00",0
British Airways Plc,2023,"30,239.00","7,302,449.00","8,811,499.00",82.9,241.49,291.4,"4,247.06","4,294.50","3,087,524,048.00","414,006,458.00",0,0,0,0,0,0,0,0,0,0,0,0,"15,097.00","3,637,570.00","4,399,397.00",82.7,240.95,291.41,"4,247.12","4,293.51","1,532,141,833.00","115,081,205.00",0,"15,142.00","3,664,879.00","4,412,102.00",83.1,242.03,291.38,"4,246.99","4,295.49","1,555,382,215.00","298,925,253.00",0
Brussels Airlines N.V.,2023,857,"198,359.00","245,161.00",80.9,231.46,286.07,"3,725.28","3,725.49","79,761,847.00","10,196,039.00",0,0,0,0,0,0,0,0,0,0,0,0,428,"97,111.00","122,256.00",79.4,226.89,285.64,"3,725.35","3,725.31","39,834,388.00","3,001,038.00",0,429,"101,248.00","122,905.00",82.4,236.01,286.49,"3,725.22","3,725.67","39,927,459.00","7,195,001.00",0
CAT Aviation,2023,41,113,518,21.8,2.76,12.63,"4,493.56","4,561.12","106,722.00",0,0,0,0,0,0,0,0,0,0,0,0,0,19,39,239,16.3,2.05,12.58,"4,397.00","4,658.77","49,457.00",0,0,22,74,279,26.5,3.36,12.68,"4,576.95","4,509.66","57,265.00",0,0
CFM Inc d/b/a Contour Airlines d/b/a One Jet Shuttle,2023,"24,689.00","336,303.00","684,491.00",49.1,13.62,27.72,346.62,341.41,"177,622,870.00",0,0,"24,587.00","335,715.00","683,002.00",49.2,13.65,27.78,344.77,340.55,"177,098,170.00",0,0,51,352,736,47.8,6.9,14.43,914.06,895.07,"259,900.00",0,0,51,236,753,31.3,4.63,14.76,672.18,751.48,"264,800.00",0,0
Cargojet Airways Ltd.,2023,"9,770.00",0,0,0,0,0,"1,318.97",0,"997,722,844.00","505,559,251.00",0,1,0,0,0,0,0,589,0,"115,940.00",0,0,"4,882.00",0,0,0,0,0,"1,436.21",0,"498,465,157.00","276,886,391.00",0,"4,887.00",0,0,0,0,0,"1,202.00",0,"499,141,747.00","228,672,860.00",0
Cargolux Airlines International S.A,2023,"3,461.00",0,0,0,0,0,"5,424.91",0,"837,848,000.00","542,286,209.00",0,0,0,0,0,0,0,0,0,0,0,0,"1,733.00",0,0,0,0,0,"4,711.16",0,"419,339,800.00","225,567,714.00",0,"1,728.00",0,0,0,0,0,"6,140.73",0,"418,508,200.00","316,718,495.00",0
Cargolux Italia SpA,2023,237,0,0,0,0,0,"5,460.21",0,"57,191,416.00","39,249,804.00",0,0,0,0,0,0,0,0,0,0,0,0,107,0,0,0,0,0,"4,054.02",0,"25,894,000.00","13,347,556.00",0,130,0,0,0,0,0,"6,617.61",0,"31,297,416.00","25,902,248.00",0
Caribbean Airlines Limited,2023,"4,033.00","511,509.00","644,520.00",79.4,126.83,159.81,"1,951.21","1,961.58","454,675,055.00","1,855,531.00",0,0,0,0,0,0,0,0,0,0,0,0,"2,016.00","256,052.00","321,760.00",79.6,127.01,159.6,"1,951.11","1,967.78","226,533,577.00","417,272.00",0,"2,017.00","255,457.00","322,760.00",79.1,126.65,160.02,"1,951.31","1,955.37","228,141,478.00","1,438,259.00",0
"Caribbean Sun Airlines, Inc. d/b/a World Atlantic Airlines",2023,"1,999.00","61,775.00","309,895.00",19.9,30.9,155.03,398.61,396.47,"67,000,000.00",0,0,322,"8,292.00","49,910.00",16.6,25.75,155,871.3,773.72,"11,270,000.00",0,0,838,"32,348.00","129,890.00",24.9,38.6,155,306.81,330.71,"27,877,000.00",0,0,839,"21,135.00","130,095.00",16.2,25.19,155.06,308.88,349.12,"27,853,000.00",0,0
Cathay Pacific Airways Ltd.,2023,"11,645.00","1,109,869.00","1,255,784.00",88.4,95.31,107.84,"5,063.85","7,584.40","2,475,777,969.00","1,454,228,386.00",0,"3,163.00",0,0,0,0,0,"2,562.50",0,"845,394,000.00","563,095,563.00",0,"4,240.00","563,490.00","627,494.00",89.8,132.9,147.99,"5,995.63","7,588.09","815,085,874.00","359,991,616.00",0,"4,242.00","546,379.00","628,290.00",87,128.8,148.11,"5,997.62","7,580.60","815,298,095.00","531,141,207.00",0
Cavok Air LLC,2023,18,0,0,0,0,0,"2,045.00",0,"792,000.00","204,206.00",0,0,0,0,0,0,0,0,0,0,0,0,14,0,0,0,0,0,"2,108.36",0,"616,000.00","163,893.00",0,4,0,0,0,0,0,"1,823.25",0,"176,000.00","40,313.00",0
Cayman Airways Limited,2023,"2,129.00","206,370.00","339,680.00",60.8,96.93,159.55,850.29,841.56,"213,068,680.00","321,682.00",0,1,0,160,0,0,160,62,0,"100,100.00",0,0,"1,064.00","104,796.00","170,080.00",61.6,98.49,159.85,849.8,840.88,"106,172,880.00","283,877.00",0,"1,064.00","101,574.00","169,440.00",59.9,95.46,159.25,851.51,842.26,"106,795,700.00","37,805.00",0
Challenge Airlines (BE) S.A.,2023,434,0,0,0,0,0,"4,016.44",0,"104,073,200.00","50,525,421.00",0,3,0,0,0,0,0,852.33,0,"719,400.00","108,150.00",0,214,0,0,0,0,0,"4,038.78",0,"51,317,200.00","21,446,365.00",0,217,0,0,0,0,0,"4,038.15",0,"52,036,600.00","28,970,906.00",0
Chartright Air Inc.,2023,"2,009.00","6,354.00","16,103.00",39.5,3.16,8.02,830.18,898.96,"9,686,670.00",0,0,204,484,"1,632.00",29.7,2.37,8,500.09,601.53,"997,181.00",0,0,884,"2,800.00","7,005.00",40,3.17,7.92,868.78,932.89,"4,187,046.00",0,0,921,"3,070.00","7,466.00",41.1,3.33,8.11,866.25,914.91,"4,502,443.00",0,0
China Airlines Ltd.,2023,"9,483.00","865,621.00","1,017,366.00",85.1,91.28,107.28,"5,173.29","6,830.63","1,680,573,754.00","975,079,354.00",0,"2,616.00",0,0,0,0,0,"2,689.45",0,"573,935,218.00","357,922,896.00",0,"3,433.00","441,140.00","507,186.00",87,128.5,147.74,"6,140.75","6,823.09","533,522,833.00","210,139,974.00",0,"3,434.00","424,481.00","510,180.00",83.2,123.61,148.57,"6,098.28","6,838.46","573,115,703.00","407,016,484.00",0
China Cargo Airline,2023,"3,184.00",0,0,0,0,0,"5,877.62",0,"664,576,000.00","514,068,296.00",0,486,0,0,0,0,0,"2,846.00",0,"104,236,000.00","102,522,867.00",0,"1,349.00",0,0,0,0,0,"6,918.90",0,"275,341,000.00","138,085,397.00",0,"1,349.00",0,0,0,0,0,"5,928.53",0,"284,999,000.00","273,460,032.00",0
China Eastern Airlines,2023,420,"108,355.00","130,984.00",82.7,257.99,311.87,"6,702.76","6,787.66","64,408,080.00","11,759,065.00",0,11,"3,024.00","3,476.00",87,274.91,316,337,337,"1,500,400.00","151,795.00",0,199,"50,427.00","62,172.00",81.1,253.4,312.42,"6,894.79","7,002.65","30,663,600.00","3,440,189.00",0,210,"54,904.00","65,336.00",84,261.45,311.12,"6,854.24","6,945.50","32,244,080.00","8,167,081.00",0
China Southern Airlines,2023,"3,787.00","122,280.00","133,567.00",91.5,32.29,35.27,"6,499.77","7,407.11","876,335,967.00","490,743,526.00",0,0,0,0,0,0,0,0,0,0,0,0,"1,883.00","62,346.00","67,510.00",92.4,33.11,35.85,"6,620.05","7,404.57","435,204,867.00","158,411,818.00",0,"1,904.00","59,934.00","66,057.00",90.7,31.48,34.69,"6,380.82","7,409.75","441,131,100.00","332,331,708.00",0
City Wings Inc dba Seaflight,2023,"2,696.00","15,371.00","24,264.00",63.3,5.7,9,45,45,"6,605,200.00",0,0,"2,696.00","15,371.00","24,264.00",63.3,5.7,9,45,45,"6,605,200.00",0,0,0,0,0,0,0,0,0,0,0,0,0,0,0,0,0,0,0,0,0,0,0,0
Comlux Aruba NV,2023,19,844,"1,929.00",43.8,44.42,101.53,"4,024.16","4,677.08","745,350.00",0,0,5,161,831,19.4,32.2,166.2,299,"1,235.00","334,570.00",0,0,7,347,549,63.2,49.57,78.43,"5,663.29","5,576.20","205,390.00",0,0,7,336,549,61.2,48,78.43,"5,045.86","5,397.86","205,390.00",0,0
"Comlux Malta, Ltd.",2023,39,178,642,27.7,4.56,16.46,"3,161.74","2,974.08","296,560.00",0,0,13,43,214,20.1,3.31,16.46,"1,599.15","2,012.30","100,980.00",0,0,14,73,231,31.6,5.21,16.5,"4,014.00","3,333.56","108,900.00",0,0,12,62,197,31.5,5.17,16.42,"3,860.25","3,217.85","86,680.00",0,0
CommuteAir LLC dba CommuteAir,2023,"72,240.00","3,101,801.00","3,612,000.00",85.9,42.94,50,396.99,399.52,"957,180,000.00",0,0,"71,619.00","3,076,652.00","3,580,950.00",85.9,42.96,50,396.45,399.09,"948,951,750.00",0,0,313,"13,130.00","15,650.00",83.9,41.95,50,458.98,450.76,"4,147,250.00",0,0,308,"12,019.00","15,400.00",78,39.02,50,459.06,453.93,"4,081,000.00",0,0
Compagnie Natl Air France,2023,"17,005.00","4,295,026.00","5,001,417.00",85.9,252.57,294.11,"4,324.88","4,347.18","1,811,222,482.00","310,350,217.00",0,12,"2,875.00","3,715.00",77.4,239.58,309.58,279.67,263.46,"1,276,289.00",0,0,"8,451.00","2,135,842.00","2,482,098.00",86,252.73,293.7,"4,322.51","4,348.32","898,650,786.00","99,070,012.00",0,"8,542.00","2,156,309.00","2,515,604.00",85.7,252.44,294.5,"4,332.91","4,351.50","911,295,407.00","211,280,205.00",0
Compania Panamena (Copa),2023,"20,609.00","2,955,737.00","3,338,630.00",88.5,143.42,162,"1,822.59","1,833.52","673,925,243.00",0,0,0,0,0,0,0,0,0,0,0,0,0,"10,300.00","1,465,175.00","1,668,116.00",87.8,142.25,161.95,"1,822.68","1,837.04","336,144,536.00",0,0,"10,309.00","1,490,562.00","1,670,514.00",89.2,144.59,162.04,"1,822.49","1,830.06","337,780,707.00",0,0
Concesionaria Vuela Compania De Aviacion SA de CV (Volaris),2023,"33,854.00","5,286,666.00","6,538,083.00",80.9,156.16,193.13,"1,463.10","1,467.54","1,594,917,878.00","1,881,808.00",0,0,0,0,0,0,0,0,0,0,0,0,"16,920.00","2,620,391.00","3,267,730.00",80.2,154.87,193.13,"1,463.04","1,466.83","797,137,267.00","1,112,796.00",0,"16,934.00","2,666,275.00","3,270,353.00",81.5,157.45,193.12,"1,463.16","1,468.25","797,780,611.00","769,012.00",0
Concierge U Ltd. d/b/a Jet Concierge Club,2023,75,312,"1,003.00",31.1,4.16,13.37,"3,413.44","3,178.61","101,400.00",0,0,15,67,197,34,4.47,13.13,"1,288.00","1,245.31","19,933.00",0,0,27,113,362,31.2,4.19,13.41,"3,775.59","3,452.04","36,277.00",0,0,33,132,444,29.7,4,13.45,"4,083.24","3,925.82","45,190.00",0,0
Condor Flugdienst,2023,"2,300.00","549,706.00","616,494.00",89.2,239,268.04,"4,871.03","4,892.74","210,513,269.00","12,515,644.00",0,20,"2,880.00","5,154.00",55.9,144,257.7,475.4,340.87,"1,355,766.00",0,0,"1,134.00","270,777.00","304,308.00",89,238.78,268.35,"4,912.37","4,914.15","104,832,726.00","3,671,201.00",0,"1,146.00","276,049.00","307,032.00",89.9,240.88,267.92,"4,906.83","4,919.22","104,324,777.00","8,844,443.00",0
DCA,2023,23,75,305,24.6,3.26,13.26,"3,579.48","3,480.79","111,191.00",0,0,4,14,52,26.9,3.5,13,"1,191.25",863.5,"17,716.00",0,0,11,37,146,25.3,3.36,13.27,"4,148.73","4,205.05","53,381.00",0,0,8,24,107,22.4,3,13.38,"3,990.88","3,890.96","40,094.00",0,0
DHL Aero Expresso,2023,"1,171.00",0,0,0,0,0,"2,257.61",0,"131,148,721.00","98,257,157.00",0,0,0,0,0,0,0,0,0,0,0,0,584,0,0,0,0,0,"2,443.03",0,"63,235,822.00","44,348,839.00",0,587,0,0,0,0,0,"2,073.14",0,"67,912,899.00","53,908,318.00",0
Dassault Falcon Service,2023,27,61,387,15.8,2.26,14.33,"3,714.15","3,829.31","140,157.00",0,0,2,5,15,33.3,2.5,7.5,657.5,"1,294.00","5,977.00",0,0,13,29,193,15,2.23,14.85,"3,571.77","3,493.38","71,168.00",0,0,12,27,179,15.1,2.25,14.92,"4,377.83","4,659.63","63,012.00",0,0
Delta Air Lines Inc.,2023,"1,119,098.00","162,180,676.00","190,154,580.00",85.3,144.92,169.92,"1,184.30","1,352.05","52,876,079,388.00","772,838,047.00","88,311,590.00","984,153.00","137,180,591.00","160,967,095.00",85.2,139.39,163.56,941.29,999.92,"43,679,528,840.00","226,832,446.00","67,721,410.00","67,501.00","12,474,960.00","14,603,387.00",85.4,184.81,216.34,"2,957.31","3,273.50","4,600,016,289.00","168,094,214.00","14,997,495.00","67,444.00","12,525,125.00","14,584,098.00",85.9,185.71,216.24,"2,955.81","3,294.95","4,596,534,259.00","377,911,387.00","5,592,685.00"
Delux Public Charter LLC,2023,"34,328.00","713,241.00","1,029,840.00",69.3,20.78,30,466.81,458.44,"205,968,000.00",0,0,"33,719.00","703,003.00","1,011,570.00",69.5,20.85,30,457.53,450.7,"202,314,000.00",0,0,305,"5,328.00","9,150.00",58.2,17.47,30,980.99,986.3,"1,830,000.00",0,0,304,"4,910.00","9,120.00",53.8,16.15,30,980.32,993.47,"1,824,000.00",0,0
Dreamjet SAS Dba La Compagnie,2023,"1,256.00","70,292.00","95,956.00",73.3,55.96,76.4,"3,806.55","3,796.62","168,052,299.00",157,0,0,0,0,0,0,0,0,0,0,0,0,624,"35,701.00","47,924.00",74.5,57.21,76.8,"3,806.41","3,801.30","83,490,951.00",0,0,632,"34,591.00","48,032.00",72,54.73,76,"3,806.69","3,791.78","84,561,348.00",157,0
EUROWINGS DISCOVER GmbH,2023,"2,346.00","529,412.00","669,485.00",79.1,225.67,285.37,"4,670.27","4,703.14","213,289,942.00","21,304,537.00",0,13,"3,145.00","3,705.00",84.9,241.92,285,316.08,307.53,"1,182,926.00","134,164.00",0,"1,165.00","255,884.00","332,437.00",77,219.64,285.35,"4,692.53","4,724.11","106,308,688.00","7,152,454.00",0,"1,168.00","270,383.00","333,343.00",81.1,231.49,285.4,"4,696.52","4,734.43","105,798,328.00","14,017,919.00",0
"Eastern Airlines f/k/a Dynamic Airways, LLC",2023,248,"20,925.00","62,321.00",33.6,84.38,251.29,"1,230.13","1,637.12","22,664,800.00","105,972.00",0,109,"8,248.00","29,209.00",28.2,75.67,267.97,"1,062.06","1,218.95","11,070,990.00","15,949.00",0,68,"7,724.00","16,132.00",47.9,113.59,237.24,"1,347.57","2,096.37","5,649,450.00","7,151.00",0,71,"4,953.00","16,980.00",29.2,69.76,239.15,"1,375.66","1,617.31","5,944,360.00","82,872.00",0
Edelweiss Air Ag,2023,348,"83,430.00","109,380.00",76.3,239.74,314.31,"5,219.72","5,226.23","35,217,600.00","2,355,436.00",0,0,0,0,0,0,0,0,0,0,0,0,174,"39,929.00","54,690.00",73,229.48,314.31,"5,219.72","5,221.61","17,608,800.00","79,616.00",0,174,"43,501.00","54,690.00",79.5,250.01,314.31,"5,219.72","5,230.48","17,608,800.00","2,275,820.00",0
Egyptair,2023,"1,248.00","324,869.00","411,450.00",79,260.31,329.69,"5,680.67","5,678.46","99,014,431.00","16,642,144.00",0,0,0,0,0,0,0,0,0,0,0,0,624,"159,578.00","205,725.00",77.6,255.73,329.69,"5,680.67","5,677.65","48,313,755.00","7,127,614.00",0,624,"165,291.00","205,725.00",80.3,264.89,329.69,"5,680.67","5,679.25","50,700,676.00","9,514,530.00",0
El Al Israel Airlines Ltd.,2023,"3,991.00","912,211.00","1,053,599.00",86.6,228.57,263.99,"6,055.07","6,052.55","287,880,843.00","52,154,224.00",0,0,0,0,0,0,0,0,0,0,0,0,"1,996.00","457,482.00","526,936.00",86.8,229.2,264,"6,055.32","6,044.72","145,479,781.00","24,076,986.00",0,"1,995.00","454,729.00","526,663.00",86.3,227.93,263.99,"6,054.82","6,060.42","142,401,062.00","28,077,238.00",0
Elitavia Malta Limited,2023,30,130,434,30,4.33,14.47,"2,678.80","2,510.34","87,842.00",0,0,9,38,136,27.9,4.22,15.11,944.56,"1,001.45","27,526.00",0,0,10,39,146,26.7,3.9,14.6,"3,735.50","3,718.38","29,550.00",0,0,11,53,152,34.9,4.82,13.82,"3,137.09","2,703.25","30,766.00",0,0
Ellis Air Taxi Inc.,2023,376,305,"1,464.00",20.8,0.81,3.89,102,99.1,"579,977.00","11,113.00","50,812.00",376,305,"1,464.00",20.8,0.81,3.89,102,99.1,"579,977.00","11,113.00","50,812.00",0,0,0,0,0,0,0,0,0,0,0,0,0,0,0,0,0,0,0,0,0,0
Emirates,2023,"10,574.00","3,362,118.00","4,270,536.00",78.7,317.96,403.87,"6,952.52","7,056.87","1,671,599,340.00","209,523,838.00",0,4,0,0,0,0,0,"1,440.00",0,"968,000.00","291,592.00",0,"5,287.00","1,570,203.00","2,128,002.00",73.8,296.99,402.5,"6,955.46","7,072.26","832,201,572.00","90,967,743.00",0,"5,283.00","1,791,915.00","2,142,534.00",83.6,339.19,405.55,"6,953.76","7,043.39","838,429,768.00","118,264,503.00",0
Empire Airlines Inc.,2023,"15,764.00",0,0,0,0,0,136.25,0,"104,261,098.00","37,085,344.00",0,"15,764.00",0,0,0,0,0,136.25,0,"104,261,098.00","37,085,344.00",0,0,0,0,0,0,0,0,0,0,0,0,0,0,0,0,0,0,0,0,0,0,0
Endeavor Air Inc.,2023,"214,222.00","12,796,617.00","15,865,917.00",80.7,59.74,74.06,422.18,428.63,"4,406,778,568.00",319,0,"197,766.00","11,807,652.00","14,650,139.00",80.6,59.71,74.08,423.06,429.94,"4,073,324,166.00",319,0,"8,230.00","511,304.00","608,058.00",84.1,62.13,73.88,411.4,411.37,"166,765,502.00",0,0,"8,226.00","477,661.00","607,720.00",78.6,58.07,73.88,411.8,414.87,"166,688,900.00",0,0
Envoy Air,2023,"241,425.00","14,342,580.00","17,727,919.00",80.9,59.41,73.43,541.34,550.19,"4,527,445,170.00","601,440.00",55,"225,818.00","13,427,298.00","16,561,299.00",81.1,59.46,73.34,534.48,543.41,"4,230,701,520.00","576,949.00",55,"7,808.00","457,848.00","583,616.00",78.5,58.64,74.75,641.23,649.26,"148,451,030.00","19,927.00",0,"7,799.00","457,434.00","583,004.00",78.5,58.65,74.75,640.07,650.01,"148,292,620.00","4,564.00",0
Estafeta Carga Aereas,2023,502,0,0,0,0,0,"1,276.00",0,"21,082,996.00","13,440,687.00",0,0,0,0,0,0,0,0,0,0,0,0,251,0,0,0,0,0,"1,276.00",0,"10,583,496.00","5,620,818.00",0,251,0,0,0,0,0,"1,276.00",0,"10,499,500.00","7,819,869.00",0
Ethiopian Airlines,2023,"2,677.00","565,981.00","778,772.00",72.7,211.42,290.91,"7,086.91","7,113.48","137,903,123.00","23,166,685.00",0,0,0,0,0,0,0,0,0,0,0,0,"1,334.00","272,695.00","386,221.00",70.6,204.42,289.52,"7,085.25","7,106.28","60,755,438.00","5,315,502.00",0,"1,343.00","293,286.00","392,551.00",74.7,218.38,292.29,"7,088.55","7,120.18","77,147,685.00","17,851,183.00",0
Etihad Airways,2023,"3,009.00","766,387.00","859,324.00",89.2,254.7,285.58,"6,855.71","7,039.70","225,632,190.00","70,549,310.00",0,0,0,0,0,0,0,0,0,0,0,0,"1,503.00","380,895.00","428,329.00",88.9,253.42,284.98,"6,856.56","7,039.37","109,820,344.00","32,553,163.00",0,"1,506.00","385,492.00","430,995.00",89.4,255.97,286.19,"6,854.86","7,040.03","115,811,846.00","37,996,147.00",0
Eva Airways Corporation,2023,"10,734.00","2,044,003.00","2,239,454.00",91.3,190.42,208.63,"6,038.33","6,897.59","1,702,026,964.00","732,676,081.00",0,"1,605.00",0,0,0,0,0,"2,842.90",0,"343,970,000.00","221,429,975.00",0,"4,565.00","1,024,303.00","1,121,145.00",91.4,224.38,245.6,"6,639.87","6,892.44","672,222,584.00","175,820,605.00",0,"4,564.00","1,019,700.00","1,118,309.00",91.2,223.42,245.03,"6,560.38","6,902.76","685,834,380.00","335,425,501.00",0
Executive Express dba Ravn Connect,2023,469,"2,566.00","3,977.00",64.5,5.47,8.48,148.44,125.43,"2,110,500.00","58,139.00",214,469,"2,566.00","3,977.00",64.5,5.47,8.48,148.44,125.43,"2,110,500.00","58,139.00",214,0,0,0,0,0,0,0,0,0,0,0,0,0,0,0,0,0,0,0,0,0,0
FAI rent-a-jet AG,2023,273,902,"3,278.00",27.5,3.3,12.01,"3,714.22","3,887.47","685,526.00","26,274.00",0,14,59,185,31.9,4.21,13.21,"1,143.50","1,044.15","37,038.00",0,0,128,450,"1,620.00",27.8,3.52,12.66,"3,996.85","4,198.74","324,326.00",0,0,131,393,"1,473.00",26.7,3,11.24,"3,712.80","3,957.91","324,162.00","26,274.00",0
"FOX AIRCRAFT, LLC",2023,"14,357.00","25,404.00","100,521.00",25.3,1.77,7,68.83,74.18,"21,062,958.00","808,719.00",0,"14,357.00","25,404.00","100,521.00",25.3,1.77,7,68.83,74.18,"21,062,958.00","808,719.00",0,0,0,0,0,0,0,0,0,0,0,0,0,0,0,0,0,0,0,0,0,0,0
Fast Colombia SAS d/b/a Viva Colombia,2023,150,"23,243.00","27,900.00",83.3,154.95,186,"1,413.47","1,413.11","5,640,052.00",0,0,0,0,0,0,0,0,0,0,0,0,0,75,"10,667.00","13,950.00",76.5,142.23,186,"1,413.47","1,411.89","2,820,026.00",0,0,75,"12,576.00","13,950.00",90.2,167.68,186,"1,413.47","1,414.15","2,820,026.00",0,0
Federal Express Corporation,2023,"273,984.00",0,0,0,0,0,916.4,0,"25,327,468,091.00","12,401,320,276.00","2,029.00","244,143.00",0,0,0,0,0,705.92,0,"21,065,001,703.00","10,217,078,226.00","2,029.00","14,839.00",0,0,0,0,0,"2,550.60",0,"2,130,211,185.00","907,901,747.00",0,"15,002.00",0,0,0,0,0,"2,725.42",0,"2,132,255,203.00","1,276,340,303.00",0
Finnair Oy,2023,"1,916.00","397,490.00","545,018.00",72.9,207.46,284.46,"4,732.94","4,720.51","192,194,732.00","33,182,593.00",0,0,0,0,0,0,0,0,0,0,0,0,958,"191,056.00","272,509.00",70.1,199.43,284.46,"4,732.94","4,700.61","89,454,079.00","9,198,007.00",0,958,"206,434.00","272,509.00",75.8,215.48,284.46,"4,732.94","4,738.93","102,740,653.00","23,984,586.00",0
Flair Airlines Ltd.,2023,"4,521.00","635,413.00","853,165.00",74.5,140.55,188.71,"1,149.53","1,137.33","676,282,067.00",0,0,2,68,378,18,34,189,118,118,"304,920.00",0,0,"2,253.00","325,328.00","425,161.00",76.5,144.4,188.71,"1,149.22","1,137.41","336,716,490.00",0,0,"2,266.00","310,017.00","427,626.00",72.5,136.81,188.71,"1,150.76","1,137.46","339,260,657.00",0,0
Flightcraft Air Charter Ltd dba KF Aeroflyer,2023,1,89,119,74.8,89,119,"1,040.00","1,040.00","25,575.00","1,778.00",0,0,0,0,0,0,0,0,0,0,0,0,0,0,0,0,0,0,0,0,0,0,0,1,89,119,74.8,89,119,"1,040.00","1,040.00","25,575.00","1,778.00",0
Flightworx Aviation Ltd,2023,7,516,630,81.9,73.71,90,"5,121.86","4,917.36","259,207.00","76,730.00",0,1,94,96,97.9,94,96,"1,514.00","1,514.00","63,197.00","18,797.00",0,4,262,363,72.2,65.5,90.75,"5,221.75","5,222.11","128,202.00","39,136.00",0,2,160,171,93.6,80,85.5,"6,726.00","6,417.83","67,808.00","18,797.00",0
Fly PLAY ehf,2023,"2,438.00","393,345.00","473,399.00",83.1,161.34,194.18,"2,618.22","2,615.91","389,753,661.00","2,038,624.00",0,0,0,0,0,0,0,0,0,0,0,0,"1,216.00","194,245.00","236,103.00",82.3,159.74,194.16,"2,617.87","2,615.24","192,052,101.00",389,0,"1,222.00","199,100.00","237,296.00",83.9,162.93,194.19,"2,618.58","2,616.57","197,701,560.00","2,038,235.00",0
Flying Group Lux S.A.,2023,20,39,266,14.7,1.95,13.3,"2,447.10","2,782.36","116,869.00",0,0,8,12,98,12.2,1.5,12.25,579.38,749.58,"43,057.00",0,0,5,12,70,17.1,2.4,14,"3,900.40","3,928.17","30,755.00",0,0,7,15,98,15.3,2.14,14,"3,543.57","3,491.93","43,057.00",0,0
Flying Service N.V.,2023,78,234,"1,003.00",23.3,3,12.86,"2,997.91","2,914.18","388,386.00",0,0,24,68,270,25.2,2.83,11.25,951.63,950.78,"103,431.00",0,0,28,84,374,22.5,3,13.36,"3,671.71","3,361.87","149,807.00",0,0,26,82,359,22.8,3.15,13.81,"4,161.15","4,083.76","135,148.00",0,0
French bee,2023,"2,020.00","657,522.00","829,078.00",79.3,325.51,410.43,"4,676.64","4,647.60","182,119,530.00","7,015,923.00",0,0,0,0,0,0,0,0,0,0,0,0,"1,008.00","314,475.00","413,717.00",76,311.98,410.43,"4,676.22","4,620.79","90,879,365.00","1,235,798.00",0,"1,012.00","343,047.00","415,361.00",82.6,338.98,410.44,"4,677.06","4,672.19","91,240,165.00","5,780,125.00",0
Friday Harbor Seaplanes,2023,"1,084.00","3,481.00","6,552.00",53.1,3.21,6.04,80,80,"1,495,920.00",0,0,"1,084.00","3,481.00","6,552.00",53.1,3.21,6.04,80,80,"1,495,920.00",0,0,0,0,0,0,0,0,0,0,0,0,0,0,0,0,0,0,0,0,0,0,0,0
Frontier Airlines Inc.,2023,"188,843.00","30,218,306.00","37,535,866.00",80.5,160.02,198.77,"1,006.11","1,018.21","7,507,173,400.00",0,0,"173,809.00","28,014,017.00","34,473,722.00",81.3,161.18,198.34,990.62,"1,002.69","6,894,744,600.00",0,0,"7,521.00","1,104,228.00","1,531,954.00",72.1,146.82,203.69,"1,184.90","1,218.74","306,390,800.00",0,0,"7,513.00","1,100,061.00","1,530,190.00",71.9,146.42,203.67,"1,185.48","1,212.02","306,038,000.00",0,0
GainJet Ireland Ltd,2023,26,58,240,24.2,2.23,9.23,"2,521.81","3,423.67","62,480.00",0,0,0,0,0,0,0,0,0,0,0,0,0,10,24,96,25,2.4,9.6,"2,766.20","3,697.71","24,640.00",0,0,16,34,144,23.6,2.13,9,"2,369.06","3,230.24","37,840.00",0,0
Gainjet Aviation SA,2023,86,384,784,49,4.47,9.12,"1,994.62","2,124.66","214,764.00",0,0,41,173,368,47,4.22,8.98,941.73,873.73,"101,420.00",0,0,23,105,216,48.6,4.57,9.39,"2,916.48","3,199.01","58,498.00",0,0,22,106,200,53,4.82,9.09,"2,993.05","3,102.06","54,846.00",0,0
"Gestair, S.A.",2023,71,195,970,20.1,2.75,13.66,"2,501.03","2,853.38","199,182.00",0,0,28,56,380,14.7,2,13.57,701.54,725.39,"77,369.00",0,0,12,39,155,25.2,3.25,12.92,"3,364.67","3,591.46","30,290.00",0,0,31,100,435,23,3.23,14.03,"3,792.06","3,757.21","91,523.00",0,0
"Global Crossing Airlines, Inc.",2023,"8,213.00","447,971.00","1,276,664.00",35.1,54.54,155.44,795.49,843.54,"371,226,999.00","7,299,682.00","860,240.00","3,607.00","149,007.00","543,660.00",27.4,41.31,150.72,899.9,850.51,"159,210,499.00","962,930.00","860,240.00","2,307.00","164,573.00","366,691.00",44.9,71.34,158.95,706.63,899.97,"106,225,000.00","4,633,000.00",0,"2,299.00","134,391.00","366,313.00",36.7,58.46,159.34,720.84,766.72,"105,791,500.00","1,703,752.00",0
"Global Jet Austria, GmbH",2023,5,20,70,28.6,4,14,"3,801.00","4,199.40","28,445.00",0,0,1,3,14,21.4,3,14,529,529,"5,689.00",0,0,2,8,28,28.6,4,14,"4,544.00","5,091.50","11,378.00",0,0,2,9,28,32.1,4.5,14,"4,694.00","4,629.89","11,378.00",0,0
"Global Jet Luxembourg, Sa",2023,92,493,"1,234.00",40,5.36,13.41,"3,288.09","3,398.73","1,089,903.00",0,0,18,67,168,39.9,3.72,9.33,825.5,"1,362.30","183,978.00",0,0,35,200,510,39.2,5.71,14.57,"4,229.94","4,287.17","475,878.00",0,0,39,226,556,40.6,5.79,14.26,"3,579.41","3,216.23","430,047.00",0,0
Glock Aviation GmbH,2023,96,402,"1,344.00",29.9,4.19,14,"3,567.32","3,801.73","468,088.00","81,301.00",0,0,0,0,0,0,0,0,0,0,0,0,48,196,672,29.2,4.08,14,"3,608.81","3,779.99","232,944.00","39,640.00",0,48,206,672,30.7,4.29,14,"3,525.83","3,822.41","235,144.00","41,661.00",0
GoJet Airlines LLC d/b/a United Express,2023,"45,438.00","1,857,231.00","2,271,900.00",81.7,40.87,50,323.57,326.81,"800,163,180.00",0,0,"43,672.00","1,779,343.00","2,183,600.00",81.5,40.74,50,316.93,319.7,"769,063,920.00",0,0,884,"39,557.00","44,200.00",89.5,44.75,50,487.69,488.01,"15,567,240.00",0,0,882,"38,331.00","44,100.00",86.9,43.46,50,487.79,490.75,"15,532,020.00",0,0
"Golden Wings Charter, Ltd",2023,11,34,75,45.3,3.09,6.82,213.18,218,"22,665.00",0,0,0,0,0,0,0,0,0,0,0,0,0,4,12,27,44.4,3,6.75,210.75,219.33,"8,187.00",0,0,7,22,48,45.8,3.14,6.86,214.57,217.27,"14,478.00",0,0
"Grand Canyon Airlines, Inc. d/b/a Grand Canyon Airlines d/b/a Scenic Airlines",2023,"6,833.00","78,481.00","94,982.00",82.6,11.49,13.9,56.45,51.63,"20,140,400.00",0,0,"6,833.00","78,481.00","94,982.00",82.6,11.49,13.9,56.45,51.63,"20,140,400.00",0,0,0,0,0,0,0,0,0,0,0,0,0,0,0,0,0,0,0,0,0,0,0,0
Grand Canyon Helicopters,2023,585,0,"3,474.00",0,0,5.94,59,0,"861,544.00",0,0,585,0,"3,474.00",0,0,5.94,59,0,"861,544.00",0,0,0,0,0,0,0,0,0,0,0,0,0,0,0,0,0,0,0,0,0,0,0,0
Grant Aviation,2023,"82,230.00","242,212.00","628,145.00",38.6,2.95,7.64,65.29,70.93,"185,386,888.00","2,422,911.00","17,523,517.00","82,230.00","242,212.00","628,145.00",38.6,2.95,7.64,65.29,70.93,"185,386,888.00","2,422,911.00","17,523,517.00",0,0,0,0,0,0,0,0,0,0,0,0,0,0,0,0,0,0,0,0,0,0
Gulf And Caribbean Cargo,2023,"5,576.00",0,0,0,0,0,598.33,0,"126,179,832.00","43,464,500.00",0,"1,897.00",0,0,0,0,0,808.34,0,"51,689,674.00","9,909,014.00",0,"1,841.00",0,0,0,0,0,510.52,0,"37,293,100.00","16,463,973.00",0,"1,838.00",0,0,0,0,0,469.54,0,"37,197,058.00","17,091,513.00",0
"HARBOUR AIR LTD. D/B/A HARBOUR AIR SEAPLANES, WHISTLER AIR AND SALTSPRING AIR",2023,675,"2,600.00","6,062.00",42.9,3.85,8.98,120.9,120.87,"1,402,409.00",0,0,0,0,0,0,0,0,0,0,0,0,0,337,"1,238.00","3,023.00",41,3.67,8.97,120.9,120.87,"743,659.00",0,0,338,"1,362.00","3,039.00",44.8,4.03,8.99,120.9,120.87,"658,750.00",0,0
Hamilton Jetport Limited,2023,190,770,"1,765.00",43.6,4.05,9.29,"1,088.13","1,094.67","641,207.00",0,0,22,64,136,47.1,2.91,6.18,365.86,409.19,"54,570.00",0,0,82,352,804,43.8,4.29,9.8,"1,182.45","1,186.60","291,501.00",0,0,86,354,825,42.9,4.12,9.59,"1,182.97","1,127.19","295,136.00",0,0
Haute Aviation,2023,69,244,897,27.2,3.54,13,"2,567.77","3,419.56","468,441.00",0,0,19,19,247,7.7,1,13,845.21,954.84,"128,991.00",0,0,25,131,325,40.3,5.24,13,"3,249.80","3,474.50","169,725.00",0,0,25,94,325,28.9,3.76,13,"3,194.88","3,841.18","169,725.00",0,0
Hawaiian Airlines Inc.,2023,"84,270.00","10,885,131.00","13,837,671.00",78.7,129.17,164.21,"1,011.15","1,549.00","4,095,104,400.00","165,213,801.00","712,245.00","80,129.00","9,995,872.00","12,692,536.00",78.8,124.75,158.4,848.02,"1,313.77","3,657,384,100.00","126,166,884.00","665,939.00","2,071.00","441,013.00","572,801.00",77,212.95,276.58,"4,167.63","4,188.68","218,885,300.00","7,041,644.00","46,306.00","2,070.00","448,246.00","572,334.00",78.3,216.54,276.49,"4,168.09","4,197.47","218,835,000.00","32,005,273.00",0
Hong Kong Airlines Limited,2023,18,"1,388.00","1,600.00",86.8,77.11,88.89,"2,139.00","2,139.00","394,556.00",0,0,0,0,0,0,0,0,0,0,0,0,0,9,694,800,86.8,77.11,88.89,"2,139.00","2,139.00","197,278.00",0,0,9,694,800,86.8,77.11,88.89,"2,139.00","2,139.00","197,278.00",0,0
Horizon Air,2023,"70,415.00","4,383,515.00","5,351,540.00",81.9,62.25,76,481.16,486.95,"1,382,618,700.00","3,394,070.00","223,658.00","68,463.00","4,259,644.00","5,203,188.00",81.9,62.22,76,483.11,488.84,"1,344,270,300.00","3,386,804.00","223,176.00",977,"62,769.00","74,252.00",84.5,64.25,76,413.04,423.18,"19,193,800.00","3,771.00",482,975,"61,102.00","74,100.00",82.5,62.67,76,412.96,421.16,"19,154,600.00","3,495.00",0
"Hyannis Air Service, Inc. dba Cape Air",2023,"75,813.00","355,382.00","664,812.00",53.5,4.69,8.77,110.06,114.23,"136,552,850.00",0,"779,271.00","69,432.00","326,085.00","607,337.00",53.7,4.7,8.75,111.64,115.67,"125,120,069.00",0,"779,271.00","3,197.00","14,555.00","28,793.00",50.6,4.55,9.01,92.98,98.56,"5,700,600.00",0,0,"3,184.00","14,742.00","28,682.00",51.4,4.63,9.01,92.87,97.89,"5,732,181.00",0,0
Hyperion Aviation Ltd. dba Hyperion,2023,26,60,276,21.7,2.31,10.62,"2,978.19","3,176.18","113,148.00",0,0,9,8,68,11.8,0.89,7.56,"1,407.22","1,397.38","33,629.00",0,0,10,34,125,27.2,3.4,12.5,"3,749.90","3,339.82","46,643.00",0,0,7,18,83,21.7,2.57,11.86,"3,895.57","3,657.67","32,876.00",0,0
Iberia Air Lines Of Spain,2023,"7,532.00","1,987,071.00","2,312,216.00",85.9,263.82,306.99,"4,294.64","4,294.93","752,912,747.00","77,919,722.00",0,9,"2,665.00","2,834.00",94,296.11,314.89,559.44,539.93,"880,100.00",0,0,"3,763.00","987,544.00","1,154,800.00",85.5,262.44,306.88,"4,300.33","4,301.30","376,138,658.00","22,008,246.00",0,"3,760.00","996,862.00","1,154,582.00",86.3,265.12,307.07,"4,297.88","4,298.65","375,893,989.00","55,911,476.00",0
Icelandair,2023,"9,315.00","1,363,242.00","1,643,218.00",83,146.35,176.41,"2,925.03","2,931.24","478,772,664.00","50,816,245.00",0,0,0,0,0,0,0,0,0,0,0,0,"4,674.00","668,838.00","819,634.00",81.6,143.1,175.36,"2,929.87","2,927.89","241,006,492.00","14,084,620.00",0,"4,641.00","694,404.00","823,584.00",84.3,149.62,177.46,"2,920.15","2,934.46","237,766,172.00","36,731,625.00",0
Iliamna Air Taxi,2023,"4,489.00","13,265.00","35,238.00",37.6,2.96,7.85,120.95,187.89,"10,818,100.00","561,011.00","307,618.00","4,489.00","13,265.00","35,238.00",37.6,2.96,7.85,120.95,187.89,"10,818,100.00","561,011.00","307,618.00",0,0,0,0,0,0,0,0,0,0,0,0,0,0,0,0,0,0,0,0,0,0
International Jet Management GmbH,2023,97,320,"1,218.00",26.3,3.3,12.56,"3,511.43","4,120.78","512,850.00",0,0,23,18,78,23.1,0.78,3.39,800.96,"1,238.17","32,372.00",0,0,35,165,534,30.9,4.71,15.26,"4,204.03","4,016.27","227,688.00",0,0,39,137,606,22.6,3.51,15.54,"4,488.36","4,625.39","252,790.00",0,0
Island Air Service,2023,"11,716.00","20,075.00","67,238.00",29.9,1.71,5.74,40.19,44.98,"14,498,898.00","1,225,288.00","295,537.00","11,716.00","20,075.00","67,238.00",29.9,1.71,5.74,40.19,44.98,"14,498,898.00","1,225,288.00","295,537.00",0,0,0,0,0,0,0,0,0,0,0,0,0,0,0,0,0,0,0,0,0,0
Island Wings Ltd. Dba Island Wings Charter,2023,518,"2,012.00","4,215.00",47.7,3.88,8.14,233.54,205.53,"883,194.00","2,948.00",0,0,0,0,0,0,0,0,0,0,0,0,260,"1,051.00","2,114.00",49.7,4.04,8.13,253.02,210.57,"446,943.00","2,948.00",0,258,961,"2,101.00",45.7,3.72,8.14,213.9,200.02,"436,251.00",0,0
Italia Transporto Aereo S.P.A DBA ITA S.P.A,2023,"4,631.00","1,002,277.00","1,279,248.00",78.3,216.43,276.24,"4,675.52","4,736.27","362,406,464.00","53,798,965.00",0,0,0,0,0,0,0,0,0,0,0,0,"2,310.00","497,396.00","639,110.00",77.8,215.32,276.67,"4,675.38","4,735.39","177,978,203.00","15,448,491.00",0,"2,321.00","504,881.00","640,138.00",78.9,217.53,275.8,"4,675.66","4,737.14","184,428,261.00","38,350,474.00",0
"J&M Alaska Air Tours, Inc. d/b/a Alaska Air Transit",2023,"1,588.00","5,202.00","14,282.00",36.4,3.28,8.99,117.48,122.61,"3,973,113.00","362,625.00","96,541.00","1,588.00","5,202.00","14,282.00",36.4,3.28,8.99,117.48,122.61,"3,973,113.00","362,625.00","96,541.00",0,0,0,0,0,0,0,0,0,0,0,0,0,0,0,0,0,0,0,0,0,0
Japan Air Lines Co. Ltd.,2023,"11,075.00","1,884,562.00","2,415,064.00",78,170.16,218.06,"5,235.54","5,259.71","830,988,663.00","240,984,897.00",0,4,322,744,43.3,80.5,186,109,109,"201,520.00","15,820.00",0,"5,530.00","917,913.00","1,205,779.00",76.1,165.99,218.04,"5,236.38","5,241.35","398,471,418.00","63,431,752.00",0,"5,541.00","966,327.00","1,208,541.00",80,174.4,218.11,"5,238.40","5,278.87","432,315,725.00","177,537,325.00",0
Jazz Aviation LP,2023,"70,269.00","4,015,478.00","5,174,092.00",77.6,57.14,73.63,486.03,499.01,"1,495,962,961.00",0,0,1,70,76,92.1,70,76,230,230,"22,750.00",0,0,"35,068.00","2,026,094.00","2,582,198.00",78.5,57.78,73.63,486.19,497.87,"746,590,650.00",0,0,"35,200.00","1,989,314.00","2,591,818.00",76.8,56.51,73.63,485.88,500.19,"749,349,561.00",0,0
Jeju Air Co Ltd.,2023,"3,574.00","501,583.00","671,916.00",74.6,140.34,188,"1,885.09","1,916.00","100,432,320.00",0,0,0,0,0,0,0,0,0,0,0,0,0,"1,787.00","251,615.00","335,958.00",74.9,140.8,188,"1,885.09","1,915.94","50,388,724.00",0,0,"1,787.00","249,968.00","335,958.00",74.4,139.88,188,"1,885.09","1,916.06","50,043,596.00",0,0
Jet Story,2023,35,163,406,40.1,4.66,11.6,"3,493.40","3,602.37","157,956.00",0,0,9,37,64,57.8,4.11,7.11,"1,191.33",535.35,"24,041.00",0,0,13,60,173,34.7,4.62,13.31,"4,464.00","4,598.90","69,148.00",0,0,13,66,169,39.1,5.08,13,"4,116.54","4,415.83","64,767.00",0,0
JetBlue Airways,2023,"348,369.00","42,813,129.00","52,741,230.00",81.2,122.9,151.39,"1,226.63","1,326.16","13,841,768,400.00","6,621,093.00",0,"270,625.00","32,195,756.00","39,514,762.00",81.5,118.97,146.01,"1,146.31","1,254.54","10,360,217,200.00","5,984,445.00",0,"38,893.00","5,248,189.00","6,615,808.00",79.3,134.94,170.1,"1,506.48","1,543.45","1,741,492,200.00","311,471.00",0,"38,851.00","5,369,184.00","6,610,660.00",81.2,138.2,170.15,"1,505.98","1,543.23","1,740,059,000.00","325,177.00",0
JetClub AG,2023,19,36,248,14.5,1.89,13.05,"3,771.89","3,986.75","120,560.00",0,0,0,0,0,0,0,0,0,0,0,0,0,9,16,116,13.8,1.78,12.89,"3,554.67","4,018.56","56,760.00",0,0,10,20,132,15.2,2,13.2,"3,967.40","3,961.30","63,800.00",0,0
Jetflite Oy,2023,18,82,280,29.3,4.56,15.56,"2,420.61","2,131.63","117,243.00",0,0,10,56,160,35,5.6,16,909.7,940.52,"67,279.00",0,0,3,10,44,22.7,3.33,14.67,"4,061.33","4,718.50","18,254.00",0,0,5,16,76,21.1,3.2,15.2,"4,458.00","4,683.75","31,710.00",0,0
Jetstar Airways Pty Limited,2023,506,"148,105.00","169,510.00",87.4,292.7,335,"5,247.06","5,249.11","36,699,316.00","2,427,748.00",0,0,0,0,0,0,0,0,0,0,0,0,253,"76,238.00","84,755.00",90,301.34,335,"5,246.34","5,248.17","17,711,611.00","575,826.00",0,253,"71,867.00","84,755.00",84.8,284.06,335,"5,247.78","5,250.11","18,987,705.00","1,851,922.00",0
Jin Air Co Ltd.,2023,"1,434.00","243,714.00","293,019.00",83.2,169.95,204.34,"1,909.76","1,922.89","48,791,541.00",0,0,0,0,0,0,0,0,0,0,0,0,0,717,"122,711.00","146,729.00",83.6,171.15,204.64,"1,909.76","1,922.99","24,566,743.00",0,0,717,"121,003.00","146,290.00",82.7,168.76,204.03,"1,909.76","1,922.79","24,224,798.00",0,0
"Junipogo, LLC",2023,932,686,"4,822.00",14.2,0.74,5.17,83.51,70.18,"1,519,816.00","336,042.00",3,932,686,"4,822.00",14.2,0.74,5.17,83.51,70.18,"1,519,816.00","336,042.00",3,0,0,0,0,0,0,0,0,0,0,0,0,0,0,0,0,0,0,0,0,0,0
"KENAI AVIATION OPERATIONS, LLC",2023,"5,980.00","20,588.00","49,654.00",41.5,3.44,8.3,76.3,79.98,"12,333,556.00","13,045.00",0,"5,980.00","20,588.00","49,654.00",41.5,3.44,8.3,76.3,79.98,"12,333,556.00","13,045.00",0,0,0,0,0,0,0,0,0,0,0,0,0,0,0,0,0,0,0,0,0,0,0
"KaiserAir, Inc.",2023,284,"8,824.00","18,956.00",46.5,31.07,66.75,"2,056.34","1,868.48","10,864,720.00",0,0,274,"8,453.00","18,300.00",46.2,30.85,66.79,"2,097.91","1,911.68","10,475,120.00",0,0,5,232,328,70.7,46.4,65.6,992.6,992.73,"194,800.00",0,0,5,139,328,42.4,27.8,65.6,842.2,703.45,"194,800.00",0,0
Kalinin Aviation LLC d/b/a Alaska Seaplanes,2023,"18,683.00","66,273.00","180,999.00",36.6,3.55,9.69,74.53,73.35,"43,437,367.00","2,699,018.00","1,650,687.00","18,683.00","66,273.00","180,999.00",36.6,3.55,9.69,74.53,73.35,"43,437,367.00","2,699,018.00","1,650,687.00",0,0,0,0,0,0,0,0,0,0,0,0,0,0,0,0,0,0,0,0,0,0
Kalitta Air LLC,2023,"10,599.00",0,0,0,0,0,"3,796.55",0,"5,014,201,698.00","1,476,663,165.00","82,863,306.00","5,159.00",0,0,0,0,0,"2,562.41",0,"2,448,076,546.00","624,331,139.00","77,121,959.00","2,480.00",0,0,0,0,0,"5,237.11",0,"1,166,829,481.00","243,448,511.00","5,519,923.00","2,960.00",0,0,0,0,0,"4,740.58",0,"1,399,295,671.00","608,883,515.00","221,424.00"
Kalitta Charters II,2023,"6,045.00",0,0,0,0,0,524.63,0,"254,302,582.00","101,324,012.00",0,"5,292.00",0,0,0,0,0,510.18,0,"219,137,582.00","89,221,446.00",0,376,0,0,0,0,0,660.1,0,"17,560,000.00","7,403,389.00",0,377,0,0,0,0,0,592.41,0,"17,605,000.00","4,699,177.00",0
Katmai Air,2023,"3,500.00","16,340.00","31,582.00",51.7,4.67,9.02,119.71,114.37,"7,295,108.00","502,784.00","3,016.00","3,500.00","16,340.00","31,582.00",51.7,4.67,9.02,119.71,114.37,"7,295,108.00","502,784.00","3,016.00",0,0,0,0,0,0,0,0,0,0,0,0,0,0,0,0,0,0,0,0,0,0
Kenmore Air Harbor,2023,"22,000.00","86,584.00","178,221.00",48.6,3.94,8.1,53.77,61.92,"44,192,955.00","25,789.00",12,"17,748.00","64,718.00","142,973.00",45.3,3.65,8.06,46.79,54.78,"35,560,240.00","25,779.00",12,"2,065.00","10,917.00","17,004.00",64.2,5.29,8.23,81.53,82.99,"4,182,322.00",10,0,"2,187.00","10,949.00","18,244.00",60,5.01,8.34,84.23,83.12,"4,450,393.00",0,0
Kenya Airways PLC,2023,520,"110,332.00","122,880.00",89.8,212.18,236.31,"7,360.00","7,360.00","29,401,331.00","4,734,072.00",0,0,0,0,0,0,0,0,0,0,0,0,260,"53,831.00","60,840.00",88.5,207.04,234,"7,360.00","7,360.00","15,586,724.00","3,286,088.00",0,260,"56,501.00","62,040.00",91.1,217.31,238.62,"7,360.00","7,360.00","13,814,607.00","1,447,984.00",0
Key Lime Air Corp dba Denver Air Connection,2023,"14,877.00","222,750.00","458,774.00",48.6,14.97,30.84,297.62,328.01,"118,734,671.00",0,0,"14,877.00","222,750.00","458,774.00",48.6,14.97,30.84,297.62,328.01,"118,734,671.00",0,0,0,0,0,0,0,0,0,0,0,0,0,0,0,0,0,0,0,0,0,0,0,0
Klm Royal Dutch Airlines,2023,"7,983.00","2,118,017.00","2,484,239.00",85.3,265.32,311.19,"4,507.72","4,513.95","863,079,950.00","157,093,347.00",0,0,0,0,0,0,0,0,0,0,0,0,"3,994.00","1,048,147.00","1,242,435.00",84.4,262.43,311.08,"4,507.56","4,512.54","433,214,734.00","57,042,322.00",0,"3,989.00","1,069,870.00","1,241,804.00",86.2,268.21,311.31,"4,507.88","4,515.33","429,865,216.00","100,051,025.00",0
Korean Air Lines Co. Ltd.,2023,"18,822.00","2,659,216.00","3,105,452.00",85.6,141.28,164.99,"4,592.07","5,936.05","2,810,084,664.00","1,446,009,571.00",0,"3,561.00",526,568,92.6,0.15,0.16,"2,014.17","1,778.73","792,802,621.00","467,402,410.00",0,"7,723.00","1,298,628.00","1,554,098.00",83.6,168.15,201.23,"5,153.36","5,919.59","1,003,168,661.00","339,411,582.00",0,"7,538.00","1,360,062.00","1,550,786.00",87.7,180.43,205.73,"5,234.83","5,953.37","1,014,113,382.00","639,195,579.00",0
Kuwait Airways Corp.,2023,732,"169,424.00","244,439.00",69.3,231.45,333.93,"6,352.00","6,352.00","71,893,789.00","10,037,696.00",0,0,0,0,0,0,0,0,0,0,0,0,366,"84,109.00","122,193.00",68.8,229.81,333.86,"6,352.00","6,352.00","36,102,649.00","6,997,054.00",0,366,"85,315.00","122,246.00",69.8,233.1,334.01,"6,352.00","6,352.00","35,791,140.00","3,040,642.00",0
LATAM Airlines Group SA dba Lan Airlines,2023,"6,776.00","748,936.00","929,014.00",80.6,110.53,137.1,"3,586.21","4,075.83","757,172,163.00","348,919,662.00",0,221,123,304,40.5,0.56,1.38,"1,303.76",104,"26,206,970.00","8,220,882.00",0,"3,293.00","369,945.00","463,557.00",79.8,112.34,140.77,"3,784.90","4,075.31","362,743,058.00","125,237,638.00",0,"3,262.00","378,868.00","465,153.00",81.5,116.15,142.6,"3,540.28","4,077.62","368,222,135.00","215,461,142.00",0
LIMA NY Corp d/b/a Fly The Whale,2023,"6,869.00","44,634.00","58,150.00",76.8,6.5,8.47,47.17,46.43,"11,655,350.00",0,0,"6,789.00","44,294.00","57,506.00",77,6.52,8.47,45.44,45.34,"11,508,050.00",0,0,40,154,323,47.7,3.85,8.08,190.93,182.93,"74,300.00",0,0,40,186,321,57.9,4.65,8.03,196.43,191.54,"73,000.00",0,0
Lacsa,2023,"1,912.00","264,423.00","327,453.00",80.8,138.3,171.26,"2,063.18","2,068.82","73,922,242.00","1,545,944.00",0,0,0,0,0,0,0,0,0,0,0,0,954,"134,174.00","167,938.00",79.9,140.64,176.04,"2,062.96","2,068.27","37,763,519.00","111,097.00",0,958,"130,249.00","159,515.00",81.7,135.96,166.51,"2,063.41","2,069.38","36,158,723.00","1,434,847.00",0
Lan Colombia,2023,"4,603.00",0,0,0,0,0,"1,649.10",0,"544,466,432.00","322,021,238.00",0,264,0,0,0,0,0,"1,150.68",0,"31,246,600.00","11,681,431.00",0,"2,162.00",0,0,0,0,0,"1,830.38",0,"256,484,800.00","87,637,673.00",0,"2,177.00",0,0,0,0,0,"1,529.50",0,"256,735,032.00","222,702,134.00",0
Lan Ecuador,2023,"2,085.00","96,745.00","124,236.00",77.9,46.4,59.59,"1,720.59","1,787.52","185,772,838.00","81,168,374.00",0,6,0,0,0,0,0,456.83,0,"690,800.00","479,724.00",0,"1,034.00","46,802.00","62,118.00",75.3,45.26,60.08,"1,659.87","1,787.44","89,470,310.00","11,394,921.00",0,"1,045.00","49,943.00","62,118.00",80.4,47.79,59.44,"1,787.93","1,787.59","95,611,728.00","69,293,729.00",0
Lan Peru Airlines,2023,"3,230.00","638,151.00","748,617.00",85.2,197.57,231.77,"3,234.52","3,225.29","290,425,650.00","61,456,961.00",0,5,568,699,81.3,113.6,139.8,775.2,104,"452,954.00","115,726.00",0,"1,612.00","316,305.00","373,145.00",84.8,196.22,231.48,"3,237.10","3,224.65","142,959,551.00","12,441,294.00",0,"1,613.00","321,278.00","374,773.00",85.7,199.18,232.35,"3,239.57","3,231.43","147,013,145.00","48,899,941.00",0
London Air Services Limited,2023,541,"1,690.00","5,213.00",32.4,3.12,9.64,970.22,"1,085.64","1,826,212.00",0,0,102,258,981,26.3,2.53,9.62,577.44,717.66,"351,989.00",0,0,218,701,"2,099.00",33.4,3.22,9.63,"1,164.85","1,247.35","727,469.00",0,0,221,731,"2,133.00",34.3,3.31,9.65,959.51,"1,060.45","746,754.00",0,0
Lufthansa German Airlines,2023,"19,762.00","4,863,438.00","5,901,361.00",82.4,246.1,298.62,"4,647.26","4,693.08","2,085,319,159.00","390,833,537.00",0,73,"9,231.00","11,007.00",83.9,126.45,150.78,619.62,430.15,"12,032,662.00","3,347,403.00",0,"9,831.00","2,392,640.00","2,940,701.00",81.4,243.38,299.13,"4,685.51","4,704.96","1,036,280,391.00","144,764,511.00",0,"9,858.00","2,461,567.00","2,949,653.00",83.5,249.7,299.21,"4,638.93","4,697.53","1,037,006,106.00","242,721,623.00",0
Luxaviation EA,2023,23,104,450,23.1,4.52,19.57,"3,965.70","3,763.49","90,089.00",0,0,0,0,0,0,0,0,0,0,0,0,0,12,49,238,20.6,4.08,19.83,"3,880.75","3,900.18","47,647.00",0,0,11,55,212,25.9,5,19.27,"4,058.36","3,641.71","42,442.00",0,0
Lynden Air Cargo Airlines,2023,"3,095.00",0,0,0,0,0,498.92,0,"145,514,041.00","40,270,606.00","23,277,806.00","2,950.00",0,0,0,0,0,486.16,0,"138,677,549.00","38,665,331.00","23,277,806.00",75,0,0,0,0,0,748.31,0,"3,528,102.00","733,213.00",0,70,0,0,0,0,0,769.41,0,"3,308,390.00","872,062.00",0
"Maritime Helicopters, Inc.",2023,"3,367.00","3,760.00","20,245.00",18.6,1.12,6.01,29.54,21.38,"14,846,202.00","239,625.00",0,"3,367.00","3,760.00","20,245.00",18.6,1.12,6.01,29.54,21.38,"14,846,202.00","239,625.00",0,0,0,0,0,0,0,0,0,0,0,0,0,0,0,0,0,0,0,0,0,0,0
Martinair Holland N.V.,2023,"1,034.00",0,0,0,0,0,"3,160.81",0,"271,032,311.00","156,710,714.00",0,3,0,0,0,0,0,665.67,0,"799,999.00","27,731.00",0,512,0,0,0,0,0,"3,644.51",0,"134,190,835.00","68,686,208.00",0,519,0,0,0,0,0,"2,698.05",0,"136,041,477.00","87,996,775.00",0
Mesa Airlines Inc.,2023,"102,395.00","6,214,266.00","7,551,710.00",82.3,60.69,73.75,544.22,550.85,"1,959,919,905.00","51,497,003.00",0,"89,454.00","5,391,450.00","6,572,856.00",82,60.27,73.48,528.74,535.51,"1,726,847,185.00","51,497,003.00",0,"6,478.00","412,326.00","490,000.00",84.1,63.65,75.64,651.57,651.95,"116,669,020.00",0,0,"6,463.00","410,490.00","488,854.00",84,63.51,75.64,650.93,650.76,"116,403,700.00",0,0
Mjet GmbH,2023,22,59,273,21.6,2.68,12.41,"3,284.59","3,464.29","127,785.00",0,0,6,15,65,23.1,2.5,10.83,"1,162.33","1,278.47","30,425.00",0,0,8,25,104,24,3.13,13,"4,230.88","4,239.84","48,680.00",0,0,8,19,104,18.3,2.38,13,"3,930.00","4,169.47","48,680.00",0,0
NEW PACIFIC AIRLINES,2023,"11,167.00","197,137.00","377,343.00",52.2,17.65,33.79,250.23,280.78,"95,818,384.00","674,333.00","859,954.00","11,167.00","197,137.00","377,343.00",52.2,17.65,33.79,250.23,280.78,"95,818,384.00","674,333.00","859,954.00",0,0,0,0,0,0,0,0,0,0,0,0,0,0,0,0,0,0,0,0,0,0
National Air Cargo Group Inc d/ba National Airlines,2023,"1,550.00","10,602.00","29,869.00",35.5,6.84,19.27,"3,236.11","1,347.60","362,654,800.00","87,272,843.00",0,640,"6,692.00","20,191.00",33.1,10.46,31.55,"2,302.38","1,204.85","147,110,200.00","28,902,287.00",0,427,"1,945.00","5,089.00",38.2,4.56,11.92,"4,017.41","1,653.48","100,748,800.00","17,756,587.00",0,483,"1,965.00","4,589.00",42.8,4.07,9.5,"3,782.63","1,531.00","114,795,800.00","40,613,969.00",0
National Aviation Company of India Limited d/b/a Air India,2023,"4,614.00","1,179,418.00","1,363,544.00",86.5,255.62,295.52,"7,717.95","7,698.67","513,701,320.00","49,879,149.00",0,0,0,0,0,0,0,0,0,0,0,0,"2,305.00","590,984.00","681,730.00",86.7,256.39,295.76,"7,717.66","7,697.30","257,790,500.00","22,844,329.00",0,"2,309.00","588,434.00","681,814.00",86.3,254.84,295.29,"7,718.23","7,700.05","255,910,820.00","27,034,820.00",0
"Nealco Air Charter Services, Inc.  d/b/a  Watermakers Air",2023,"3,190.00","18,471.00","27,611.00",66.9,5.79,8.66,181.53,181.67,"4,685,459.00",0,0,0,0,0,0,0,0,0,0,0,0,0,"1,584.00","9,038.00","13,600.00",66.5,5.71,8.59,173.16,174.1,"2,325,796.00",0,0,"1,606.00","9,433.00","14,011.00",67.3,5.87,8.72,189.78,188.92,"2,359,663.00",0,0
Neos S.P.A,2023,274,"55,532.00","97,270.00",57.1,202.67,355,"3,995.00","3,995.00","33,154,000.00","5,824,768.00",0,0,0,0,0,0,0,0,0,0,0,0,137,"25,786.00","48,635.00",53,188.22,355,"3,995.00","3,995.00","16,577,000.00","2,001,294.00",0,137,"29,746.00","48,635.00",61.2,217.12,355,"3,995.00","3,995.00","16,577,000.00","3,823,474.00",0
New England Airlines Inc.,2023,"6,696.00","26,755.00","50,116.00",53.4,4,7.48,17,17,"9,999,200.00","30,047.00",0,"6,696.00","26,755.00","50,116.00",53.4,4,7.48,17,17,"9,999,200.00","30,047.00",0,0,0,0,0,0,0,0,0,0,0,0,0,0,0,0,0,0,0,0,0,0,0
Nippon Cargo Airlines,2023,"3,352.00",0,0,0,0,0,"3,599.95",0,"775,197.00","488,792.00",0,"1,375.00",0,0,0,0,0,"2,713.04",0,"322,921.00","199,202.00",0,989,0,0,0,0,0,"4,267.30",0,"215,724.00","104,073.00",0,988,0,0,0,0,0,"4,166.24",0,"236,552.00","185,517.00",0
Nolinor Aviation,2023,58,"2,222.00","3,946.00",56.3,38.31,68.03,808.67,"1,055.77","1,288,584.00","49,229.00",0,2,1,167,0.6,0.5,83.5,112.5,55,"41,061.00",40,0,28,"1,052.00","1,981.00",53.1,37.57,70.75,925.79,"1,155.52","634,768.00","31,133.00",0,28,"1,169.00","1,798.00",65,41.75,64.21,741.29,966.86,"612,755.00","18,056.00",0
"Norse Atlantic Airways,AS",2023,"1,912.00","432,268.00","646,256.00",66.9,226.08,338,"4,043.63","4,048.54","385,859,781.00","22,725,640.00",0,2,0,676,0,0,338,62,0,"565,096.00",0,0,954,"216,182.00","322,452.00",67,226.61,338,"4,048.85","4,049.37","189,785,667.00","3,426,762.00",0,956,"216,086.00","323,128.00",66.9,226.03,338,"4,046.74","4,047.72","195,509,018.00","19,298,878.00",0
Norse Atlantic UK Ltd,2023,"1,770.00","438,992.00","597,584.00",73.5,248.02,337.62,"4,190.18","4,182.62","273,771,795.00","10,109,324.00",0,1,290,338,85.8,290,338,46,46,"57,994.00",0,0,885,"226,614.00","298,792.00",75.8,256.06,337.62,"4,193.26","4,182.30","134,804,843.00","2,077,049.00",0,884,"212,088.00","298,454.00",71.1,239.92,337.62,"4,191.79","4,188.62","138,908,958.00","8,032,275.00",0
Northern Air Cargo Inc.,2023,"7,833.00",0,0,0,0,0,"1,071.09",0,"796,584,288.00","257,736,821.00","50,290,646.00","5,374.00",0,0,0,0,0,967.49,0,"398,226,288.00","87,916,200.00","50,290,646.00","1,235.00",0,0,0,0,0,"1,253.66",0,"200,070,000.00","89,722,967.00",0,"1,224.00",0,0,0,0,0,"1,341.74",0,"198,288,000.00","80,097,654.00",0
Omni Air International LLC,2023,568,"37,818.00","129,203.00",29.3,66.58,227.47,"2,627.52","2,850.51","47,668,100.00",0,0,255,"13,115.00","68,385.00",19.2,51.43,268.18,"1,336.68","1,825.75","21,969,302.00",0,0,153,"13,168.00","29,622.00",44.5,86.07,193.61,"3,735.50","3,367.99","12,546,231.00",0,0,160,"11,535.00","31,196.00",37,72.09,194.98,"3,625.29","3,424.90","13,152,567.00",0,0
"PM Air, LLC",2023,"5,402.00","40,917.00","54,058.00",75.7,7.57,10.01,70,70,"11,890,200.00",0,0,"5,402.00","40,917.00","54,058.00",75.7,7.57,10.01,70,70,"11,890,200.00",0,0,0,0,0,0,0,0,0,0,0,0,0,0,0,0,0,0,0,0,0,0,0,0
PSA Airlines Inc.,2023,"197,269.00","11,603,256.00","14,252,237.00",81.4,58.82,72.25,427.98,430.55,"4,091,698,910.00","704,577.00",3,"192,195.00","11,298,033.00","13,884,547.00",81.4,58.78,72.24,424.24,426.37,"3,986,021,130.00","703,462.00",3,"2,541.00","153,552.00","184,138.00",83.4,60.43,72.47,569.5,581.79,"52,923,590.00","1,015.00",0,"2,533.00","151,671.00","183,552.00",82.6,59.88,72.46,569.53,588.93,"52,754,190.00",100,0
"Paklook Air, Inc d/b/a/ Airlift Alaska d/b/a/ Yute Commuter Service",2023,"27,059.00","34,752.00","147,860.00",23.5,1.28,5.46,43.11,42.5,"30,065,998.00","377,514.00","3,325,271.00","27,059.00","34,752.00","147,860.00",23.5,1.28,5.46,43.11,42.5,"30,065,998.00","377,514.00","3,325,271.00",0,0,0,0,0,0,0,0,0,0,0,0,0,0,0,0,0,0,0,0,0,0
Pathfinder Aviation,2023,92,379,828,45.8,4.12,9,134,134,"138,000.00","11,267.00",0,92,379,828,45.8,4.12,9,134,134,"138,000.00","11,267.00",0,0,0,0,0,0,0,0,0,0,0,0,0,0,0,0,0,0,0,0,0,0,0
Philippine Airlines Inc.,2023,"3,710.00","1,025,143.00","1,198,179.00",85.6,276.32,322.96,"6,005.41","6,521.73","382,000,084.00","38,436,452.00",0,27,"6,841.00","8,498.00",80.5,253.37,314.74,"2,541.00","2,541.32","2,759,632.00","77,078.00",0,"1,828.00","504,573.00","590,649.00",85.4,276.02,323.11,"6,006.30","6,522.42","172,831,690.00","9,725,596.00",0,"1,855.00","513,729.00","599,032.00",85.8,276.94,322.93,"6,054.96","6,574.05","206,408,762.00","28,633,778.00",0
Piedmont Airlines,2023,"104,456.00","4,343,308.00","5,222,793.00",83.2,41.58,50,292.78,294.71,"1,380,437,300.00","429,311.00",3,"98,651.00","4,105,688.00","4,932,543.00",83.2,41.62,50,287.76,289.82,"1,303,705,450.00","424,631.00",3,"2,903.00","118,487.00","145,150.00",81.6,40.82,50,377.72,378.47,"38,372,550.00","2,900.00",0,"2,902.00","119,133.00","145,100.00",82.1,41.05,50,378.48,380.16,"38,359,300.00","1,780.00",0
Polar Air Cargo Airways,2023,"5,902.00",0,0,0,0,0,"4,648.51",0,"2,180,226,506.00","1,500,124,404.00",0,"2,021.00",0,0,0,0,0,"2,330.82",0,"698,112,107.00","497,052,433.00",0,"1,938.00",0,0,0,0,0,"6,135.65",0,"738,921,019.00","339,851,903.00",0,"1,943.00",0,0,0,0,0,"5,575.93",0,"743,193,380.00","663,220,068.00",0
"Polaris Aviation Solutions, LLC",2023,9,59,142,41.5,6.56,15.78,"2,765.33","3,151.14","40,500.00",0,0,3,9,44,20.5,3,14.67,393.67,317,"13,500.00",0,0,3,25,49,51,8.33,16.33,"3,973.00","3,703.72","13,500.00",0,0,3,25,49,51,8.33,16.33,"3,929.33","3,618.84","13,500.00",0,0
Polskie Linie Lotnicze,2023,"3,338.00","774,714.00","905,649.00",85.5,232.09,271.31,"4,734.38","4,716.60","336,420,477.00","52,202,052.00",0,0,0,0,0,0,0,0,0,0,0,0,"1,669.00","374,805.00","452,842.00",82.8,224.57,271.33,"4,734.47","4,713.97","171,875,946.00","25,688,175.00",0,"1,669.00","399,909.00","452,807.00",88.3,239.61,271.3,"4,734.28","4,719.06","164,544,531.00","26,513,877.00",0
Pontair Ltd.,2023,56,212,722,29.4,3.79,12.89,"2,634.48","2,804.50","159,316.00",0,0,19,65,258,25.2,3.42,13.58,909.11,"1,071.77","59,640.00",0,0,13,45,149,30.2,3.46,11.46,"3,200.77","3,390.31","29,829.00",0,0,24,102,315,32.4,4.25,13.13,"3,693.67","3,650.25","69,847.00",0,0
"Porter Airlines, Inc.",2023,"13,851.00","801,250.00","1,035,857.00",77.4,57.85,74.79,402.25,423.01,"259,473,885.00",478,0,0,0,0,0,0,0,0,0,0,0,0,"6,895.00","398,709.00","513,425.00",77.7,57.83,74.46,402.91,418.42,"128,950,264.00",412,0,"6,956.00","402,541.00","522,432.00",77.1,57.87,75.11,401.59,427.55,"130,523,621.00",66,0
Qantas Airways Ltd.,2023,"5,137.00","937,662.00","1,183,020.00",79.3,182.53,230.29,"6,679.62","7,439.04","452,883,833.00","189,304,863.00",0,635,378,470,80.4,0.6,0.74,"2,375.31","2,519.36","139,847,214.00","82,125,089.00",0,"2,266.00","461,593.00","588,435.00",78.4,203.7,259.68,"7,301.31","7,432.11","150,120,777.00","42,307,731.00",0,"2,236.00","475,691.00","594,115.00",80.1,212.74,265.7,"7,271.97","7,449.67","162,915,842.00","64,872,043.00",0
Qatar Airways (Q.C.S.C),2023,"9,480.00","2,878,520.00","3,213,642.00",89.6,303.64,338.99,"7,359.41","7,376.34","1,172,996,076.00","104,639,516.00",0,0,0,0,0,0,0,0,0,0,0,0,"4,740.00","1,437,750.00","1,605,122.00",89.6,303.32,338.63,"7,359.41","7,373.06","585,911,354.00","54,493,919.00",0,"4,740.00","1,440,770.00","1,608,520.00",89.6,303.96,339.35,"7,359.41","7,379.62","587,084,722.00","50,145,597.00",0
"Reeve Air Alaska, LLC",2023,876,"3,492.00","7,488.00",46.6,3.99,8.55,206.7,215.91,"1,703,199.00","29,381.00","173,096.00",876,"3,492.00","7,488.00",46.6,3.99,8.55,206.7,215.91,"1,703,199.00","29,381.00","173,096.00",0,0,0,0,0,0,0,0,0,0,0,0,0,0,0,0,0,0,0,0,0,0
Republic Airline,2023,"308,857.00","17,589,744.00","22,948,606.00",76.6,56.95,74.3,483.3,485.87,"6,642,681,003.00",0,0,"288,362.00","16,375,166.00","21,445,741.00",76.4,56.79,74.37,489.35,492.46,"6,205,720,957.00",0,0,"10,253.00","621,254.00","751,829.00",82.6,60.59,73.33,398.36,394.86,"218,606,717.00",0,0,"10,242.00","593,324.00","751,036.00",79,57.93,73.33,398.12,399.27,"218,353,329.00",0,0
Romcargo Airline S.R.L,2023,1,0,0,0,0,0,"6,339.00",0,"242,000.00","70,213.00",0,0,0,0,0,0,0,0,0,0,0,0,1,0,0,0,0,0,"6,339.00",0,"242,000.00","70,213.00",0,0,0,0,0,0,0,0,0,0,0,0
Royal Air Maroc,2023,"2,356.00","365,463.00","684,392.00",53.4,155.12,290.49,"3,798.04","3,782.16","177,090,350.00","10,201,734.00",0,0,0,0,0,0,0,0,0,0,0,0,"1,179.00","174,423.00","341,596.00",51.1,147.94,289.73,"3,797.88","3,782.51","88,554,855.00","3,388,930.00",0,"1,177.00","191,040.00","342,796.00",55.7,162.31,291.25,"3,798.20","3,781.84","88,535,495.00","6,812,804.00",0
Ryan Air f/k/a Arctic Transportation,2023,"20,809.00","7,256.00","62,731.00",11.6,0.35,3.01,89.16,141.68,"72,723,100.00","10,126,046.00","13,247,584.00","20,809.00","7,256.00","62,731.00",11.6,0.35,3.01,89.16,141.68,"72,723,100.00","10,126,046.00","13,247,584.00",0,0,0,0,0,0,0,0,0,0,0,0,0,0,0,0,0,0,0,0,0,0
STARLUX AIRLINES,2023,559,"129,135.00","157,803.00",81.8,231.01,282.3,"6,201.20","6,487.47","67,302,641.00","30,501,378.00",0,0,0,0,0,0,0,0,0,0,0,0,280,"66,624.00","79,976.00",83.3,237.94,285.63,"6,193.21","6,496.32","33,624,182.00","15,084,847.00",0,279,"62,511.00","77,827.00",80.3,224.05,278.95,"6,209.22","6,478.04","33,678,459.00","15,416,531.00",0
SWOOP Inc.,2023,"1,607.00","245,915.00","303,723.00",81,153.03,189,"1,401.21","1,405.97","66,253,396.00",24,0,0,0,0,0,0,0,0,0,0,0,0,802,"123,472.00","151,578.00",81.5,153.96,189,"1,399.94","1,403.90","33,064,856.00",12,0,805,"122,443.00","152,145.00",80.5,152.1,189,"1,402.48","1,408.06","33,188,540.00",12,0
Sata Internacional,2023,"1,280.00","198,214.00","244,040.00",81.2,154.85,190.66,"2,555.13","2,554.96","65,265,836.00","290,072.00",0,0,0,0,0,0,0,0,0,0,0,0,641,"99,539.00","122,144.00",81.5,155.29,190.55,"2,557.99","2,552.47","32,675,380.00","7,088.00",0,639,"98,675.00","121,896.00",81,154.42,190.76,"2,552.27","2,557.47","32,590,456.00","282,984.00",0
Saudi Arabian Airlines Corp,2023,"1,051.00","231,632.00","334,354.00",69.3,220.39,318.13,"6,885.96","6,846.84","85,955,441.00","18,355,739.00",0,0,0,0,0,0,0,0,0,0,0,0,533,"115,118.00","169,780.00",67.8,215.98,318.54,"6,891.04","6,862.63","44,550,409.00","10,224,282.00",0,518,"116,514.00","164,574.00",70.8,224.93,317.71,"6,880.74","6,831.25","41,405,032.00","8,131,457.00",0
Scandinavian Airlines Sys.,2023,"7,090.00","1,320,683.00","1,742,689.00",75.8,186.27,245.8,"4,295.21","4,351.61","617,654,964.00","89,772,926.00",0,2,491,528,93,245.5,264,61.5,61.51,"200,024.00","71,377.00",0,"3,541.00","660,760.00","869,785.00",76,186.6,245.63,"4,296.73","4,355.87","309,764,929.00","18,834,880.00",0,"3,547.00","659,432.00","872,376.00",75.6,185.91,245.95,"4,296.07","4,350.54","307,690,011.00","70,866,669.00",0
Scott Air LLC dba Island Air Express,2023,"5,350.00","30,009.00","47,164.00",63.6,5.61,8.82,63.82,59.77,"18,959,982.00","157,355.00","856,883.00","5,350.00","30,009.00","47,164.00",63.6,5.61,8.82,63.82,59.77,"18,959,982.00","157,355.00","856,883.00",0,0,0,0,0,0,0,0,0,0,0,0,0,0,0,0,0,0,0,0,0,0
"Scott Aviation, LLC  d/b/a  Silver Air",2023,"1,525.00","6,697.00","14,509.00",46.2,4.39,9.51,"1,018.63","1,116.74","2,902,600.00",0,0,"1,348.00","5,738.00","12,581.00",45.6,4.26,9.33,928.04,"1,026.89","2,517,000.00",0,0,88,500,965,51.8,5.68,10.97,"1,814.08","1,818.07","193,000.00",0,0,89,459,963,47.7,5.16,10.82,"1,604.19","1,475.96","192,600.00",0,0
"Seaborne Virgin Islands, Inc.",2023,"4,008.00","38,678.00","50,081.00",77.2,9.65,12.5,43,43,"16,276,488.00",0,0,"4,008.00","38,678.00","50,081.00",77.2,9.65,12.5,43,43,"16,276,488.00",0,0,0,0,0,0,0,0,0,0,0,0,0,0,0,0,0,0,0,0,0,0,0,0
Sichuan Airlines Co Ltd.,2023,22,"5,694.00","6,778.00",84,258.82,308.09,"7,205.00","7,205.00","1,615,900.00","216,543.00",0,0,0,0,0,0,0,0,0,0,0,0,11,"2,773.00","3,145.00",88.2,252.09,285.91,"7,205.00","7,205.00","756,800.00","9,508.00",0,11,"2,921.00","3,633.00",80.4,265.55,330.27,"7,205.00","7,205.00","859,100.00","207,035.00",0
"Silk Way Airlines, LLC",2023,11,0,0,0,0,0,"2,215.91",0,"1,210,000.00","361,119.00",0,3,0,0,0,0,0,"1,443.67",0,"330,000.00","44,328.00",0,4,0,0,0,0,0,"2,434.50",0,"440,000.00","157,821.00",0,4,0,0,0,0,0,"2,576.50",0,"440,000.00","158,970.00",0
Silk Way West Airlines,2023,150,0,0,0,0,0,"4,791.34",0,"39,343,567.00","25,307,606.00",0,20,0,0,0,0,0,"1,448.15",0,"5,449,489.00","1,831,997.00",0,64,0,0,0,0,0,"5,684.42",0,"16,833,217.00","10,865,738.00",0,66,0,0,0,0,0,"4,938.41",0,"17,060,861.00","12,609,871.00",0
Silver Airways,2023,"24,325.00","779,714.00","1,260,618.00",61.9,32.05,51.82,260.81,256.36,"333,263,936.00","8,221,146.00",0,"17,203.00","555,583.00","872,352.00",63.7,32.3,50.71,280.97,272.97,"237,876,930.00","8,221,136.00",0,"3,566.00","112,075.00","194,428.00",57.6,31.43,54.52,212.13,215.47,"47,767,687.00",2,0,"3,556.00","112,056.00","193,838.00",57.8,31.51,54.51,212.09,214.94,"47,619,319.00",8,0
Singapore Airlines Ltd.,2023,"8,536.00","1,245,762.00","1,811,421.00",68.8,145.94,212.21,"7,570.82","7,682.38","938,308,103.00","197,300,088.00",0,173,0,0,0,0,0,"2,662.86",0,"40,870,883.00","31,165,205.00",0,"4,039.00","615,174.00","907,752.00",67.8,152.31,224.75,"7,761.43","7,650.16","412,916,281.00","62,423,443.00",0,"4,324.00","630,588.00","903,669.00",69.8,145.83,208.99,"7,589.14","7,713.81","484,520,939.00","103,711,440.00",0
Sky Airline Peru,2023,718,"110,522.00","133,548.00",82.8,153.93,186,"2,608.00","2,608.00","31,571,606.00","94,233.00",0,0,0,0,0,0,0,0,0,0,0,0,359,"52,854.00","66,774.00",79.2,147.23,186,"2,608.00","2,608.00","15,785,803.00","48,288.00",0,359,"57,668.00","66,774.00",86.4,160.64,186,"2,608.00","2,608.00","15,785,803.00","45,945.00",0
Sky Lease Cargo,2023,800,0,0,0,0,0,"3,687.81",0,"218,640,000.00","98,453,676.00",0,291,0,0,0,0,0,"2,501.11",0,"79,530,300.00","35,420,119.00",0,261,0,0,0,0,0,"4,744.00",0,"71,331,300.00","11,902,296.00",0,248,0,0,0,0,0,"3,968.72",0,"67,778,400.00","51,131,261.00",0
SkyLink Express Inc.,2023,74,0,0,0,0,0,429.7,0,"391,229.00","51,297.00",0,0,0,0,0,0,0,0,0,0,0,0,37,0,0,0,0,0,433.51,0,"195,614.00","41,924.00",0,37,0,0,0,0,0,425.89,0,"195,615.00","9,373.00",0
SkyWest Airlines Inc.,2023,"701,689.00","38,545,851.00","48,118,391.00",80.1,54.93,68.58,451.82,470.41,"12,075,200,788.00",0,0,"678,515.00","37,094,047.00","46,425,822.00",79.9,54.67,68.42,450.38,469.29,"11,632,412,556.00",0,0,"11,584.00","730,063.00","846,062.00",86.3,63.02,73.04,493.89,498.65,"221,716,130.00",0,0,"11,590.00","721,741.00","846,507.00",85.3,62.27,73.04,494.4,499.35,"221,072,102.00",0,0
Skyfirst Limited,2023,47,185,630,29.4,3.94,13.4,"3,339.02","3,786.22","255,698.00",0,0,12,27,129,20.9,2.25,10.75,740.58,945.22,"52,950.00",0,0,17,82,243,33.7,4.82,14.29,"4,274.82","4,354.87","98,930.00",0,0,18,76,258,29.5,4.22,14.33,"4,187.50","4,181.97","103,818.00",0,0
Smokey Bay Air Inc.,2023,"9,284.00","18,513.00","46,488.00",39.8,1.99,5.01,18.8,18.92,"12,454,830.00","583,264.00","238,543.00","9,284.00","18,513.00","46,488.00",39.8,1.99,5.01,18.8,18.92,"12,454,830.00","583,264.00","238,543.00",0,0,0,0,0,0,0,0,0,0,0,0,0,0,0,0,0,0,0,0,0,0
"Southern Airways Express, dba Mokulele Airlines",2023,"74,377.00","430,379.00","686,487.00",62.7,5.79,9.23,111.87,99.2,"274,336,000.00",0,0,"74,377.00","430,379.00","686,487.00",62.7,5.79,9.23,111.87,99.2,"274,336,000.00",0,0,0,0,0,0,0,0,0,0,0,0,0,0,0,0,0,0,0,0,0,0,0,0
Southwest Airlines Co.,2023,"1,459,654.00","176,449,105.00","231,444,058.00",76.2,120.88,158.56,729.69,772.39,"56,750,250,800.00","264,714,402.00","2,499,850.00","1,427,856.00","172,188,646.00","226,487,632.00",76,120.59,158.62,723.06,765.33,"55,537,479,200.00","263,953,688.00","2,499,850.00","15,899.00","2,137,991.00","2,478,133.00",86.3,134.47,155.87,"1,027.55","1,055.17","606,363,800.00","391,326.00",0,"15,899.00","2,122,468.00","2,478,293.00",85.6,133.5,155.88,"1,026.92","1,060.19","606,407,800.00","369,388.00",0
Sparfell Luftfahrt GmbH,2023,77,260,989,26.3,3.38,12.84,"3,297.10","3,332.25","193,454.00",0,0,2,4,26,15.4,2,13,560.5,75,"5,258.00",0,0,38,120,489,24.5,3.16,12.87,"3,391.29","3,137.98","95,505.00",0,0,37,136,474,28.7,3.68,12.81,"3,348.30","3,599.47","92,691.00",0,0
Sparfell Malta Ltd,2023,41,97,484,20,2.37,11.8,"2,721.78","3,418.69","521,460.00",0,0,9,11,121,9.1,1.22,13.44,670.67,"1,688.27","288,591.00",0,0,16,44,182,24.2,2.75,11.38,"3,502.13","3,617.68","118,785.00",0,0,16,42,181,23.2,2.63,11.31,"3,095.19","3,663.43","114,084.00",0,0
Spernak Airways Inc.,2023,"3,543.00","5,275.00","17,602.00",30,1.49,4.97,42.61,42.06,"3,540,275.00","678,314.00","48,415.00","3,543.00","5,275.00","17,602.00",30,1.49,4.97,42.61,42.06,"3,540,275.00","678,314.00","48,415.00",0,0,0,0,0,0,0,0,0,0,0,0,0,0,0,0,0,0,0,0,0,0
Spirit Air Lines,2023,"296,262.00","44,103,276.00","54,867,297.00",80.4,148.87,185.2,"1,012.12","1,025.49","10,973,459,400.00",0,0,"260,133.00","39,011,352.00","48,071,004.00",81.2,149.97,184.79,"1,000.20","1,014.69","9,614,200,800.00",0,0,"18,080.00","2,470,962.00","3,401,067.00",72.7,136.67,188.11,"1,098.00","1,112.48","680,213,400.00",0,0,"18,049.00","2,620,962.00","3,395,226.00",77.2,145.21,188.11,"1,097.92","1,104.20","679,045,200.00",0,0
Star Marianas Air Inc.,2023,"24,546.00","71,956.00","141,052.00",51,2.93,5.75,26.86,28.8,"34,219,776.00","2,170,694.00",0,"24,546.00","71,956.00","141,052.00",51,2.93,5.75,26.86,28.8,"34,219,776.00","2,170,694.00",0,0,0,0,0,0,0,0,0,0,0,0,0,0,0,0,0,0,0,0,0,0,0
Sun Country Airlines d/b/a MN Airlines,2023,"48,837.00","4,860,826.00","6,604,304.00",73.6,99.53,135.23,"1,082.92","1,206.78","2,307,542,262.00","320,143,088.00","40,453.00","44,973.00","4,347,806.00","5,903,202.00",73.7,96.68,131.26,"1,049.26","1,164.25","2,132,833,212.00","320,142,267.00","40,453.00","1,936.00","259,047.00","351,600.00",73.7,133.81,181.61,"1,476.82","1,569.21","87,557,382.00",821,0,"1,928.00","253,973.00","349,502.00",72.7,131.73,181.28,"1,472.37","1,565.23","87,151,668.00",0,0
Sunwing Airlines Inc.,2023,255,"32,286.00","48,195.00",67,126.61,189,"1,126.35","1,142.74","6,829,080.00",0,0,0,0,0,0,0,0,0,0,0,0,0,130,"16,683.00","24,570.00",67.9,128.33,189,"1,125.81","1,139.83","3,546,105.00",0,0,125,"15,603.00","23,625.00",66,124.82,189,"1,126.90","1,145.86","3,282,975.00",0,0
Surinam Airways Limited,2023,325,"37,940.00","48,425.00",78.3,116.74,149,"1,896.98","1,946.72","11,269,150.00",0,0,0,0,0,0,0,0,0,0,0,0,0,162,"18,793.00","24,138.00",77.9,116.01,149,"1,896.75","1,950.23","5,625,093.00",0,0,163,"19,147.00","24,287.00",78.8,117.47,149,"1,897.20","1,943.28","5,644,057.00",0,0
Svenskt Industriflyg AB,2023,40,123,468,26.3,3.08,11.7,"2,637.30","2,760.00","201,696.00",0,0,7,7,41,17.1,1,5.86,"1,057.14",523.86,"12,740.00",0,0,15,50,200,25,3.33,13.33,"3,062.40","3,077.24","91,472.00",0,0,18,66,227,29.1,3.67,12.61,"2,897.56","2,756.83","97,484.00",0,0
"Swift Air, LLC d/b/a Eastern Air Lines d/b/a Eastern",2023,"18,073.00","617,776.00","2,003,564.00",30.8,34.18,110.86,736.13,784.22,"631,949,082.00","12,197,929.00",0,"12,510.00","279,647.00","1,154,561.00",24.2,22.35,92.29,733.87,766.62,"442,115,310.00","12,197,929.00",0,"2,780.00","228,860.00","424,277.00",53.9,82.32,152.62,719.08,933.3,"94,838,970.00",0,0,"2,783.00","109,269.00","424,726.00",25.7,39.26,152.61,763.29,517.03,"94,994,802.00",0,0
Swiss Air Ambulance,2023,28,67,308,21.8,2.39,11,"2,487.50","2,489.60","146,249.00",0,0,4,9,44,20.5,2.25,11,"1,345.75","1,374.56","37,123.00",0,0,15,36,165,21.8,2.4,11,"2,435.80","2,392.33","90,372.00",0,0,9,22,99,22.2,2.44,11,"3,081.11","3,104.91","18,754.00",0,0
Swiss International Airlines,2023,"7,752.00","1,699,218.00","2,047,752.00",83,219.2,264.16,"4,433.58","4,548.22","845,207,621.00","158,758,799.00",0,1,269,320,84.1,269,320,337,337,"133,980.00","46,262.00",0,"3,870.00","855,194.00","1,022,218.00",83.7,220.98,264.14,"4,434.49","4,542.24","421,899,472.00","54,040,743.00",0,"3,881.00","843,755.00","1,025,214.00",82.3,217.41,264.16,"4,433.73","4,555.62","423,174,169.00","104,671,794.00",0
Swiss Private Jet S.A.,2023,34,91,416,21.9,2.68,12.24,"3,034.53","3,060.26","170,200.00",0,0,8,16,78,20.5,2,9.75,651.88,584.75,"33,000.00",0,0,13,37,169,21.9,2.85,13,"3,769.62","3,793.95","68,600.00",0,0,13,38,169,22.5,2.92,13,"3,765.69","3,388.21","68,600.00",0,0
TAG Aviation (Malta) Ltd.,2023,12,19,168,11.3,1.58,14,"3,286.50","3,404.63","80,373.00",0,0,0,0,0,0,0,0,0,0,0,0,0,7,11,98,11.2,1.57,14,"3,659.43","4,252.82","46,788.00",0,0,5,8,70,11.4,1.6,14,"2,764.40","2,238.38","33,585.00",0,0
TAG Aviation (UK) Ltd.,2023,6,20,84,23.8,3.33,14,"3,314.00","3,569.65","35,918.00",0,0,0,0,0,0,0,0,0,0,0,0,0,3,11,42,26.2,3.67,14,"3,041.33","2,831.27","17,959.00",0,0,3,9,42,21.4,3,14,"3,586.67","4,472.11","17,959.00",0,0
TAM Linhas Aereas SA dba Latam Airlines Brasil,2023,"2,982.00","847,813.00","1,027,895.00",82.5,284.31,344.7,"4,382.74","4,389.34","384,719,099.00","66,227,898.00",0,9,704,820,85.9,78.22,91.11,795.67,95.08,"1,023,753.00","111,865.00",0,"1,484.00","415,508.00","513,249.00",81,279.99,345.86,"4,395.47","4,390.20","192,108,122.00","20,687,733.00",0,"1,489.00","431,601.00","513,826.00",84,289.86,345.08,"4,391.74","4,395.52","191,587,224.00","45,428,300.00",0
TAP-TAP Air Portugal,2023,"6,435.00","1,143,654.00","1,380,403.00",82.8,177.72,214.51,"3,648.84","3,750.37","402,868,620.00","35,111,070.00",0,7,"1,240.00","1,398.00",88.7,177.14,199.71,109.57,98.98,"528,000.00","72,098.00",0,"3,213.00","561,273.00","688,590.00",81.5,174.69,214.31,"3,653.69","3,758.97","207,836,200.00","13,063,552.00",0,"3,215.00","581,141.00","690,415.00",84.2,180.76,214.75,"3,651.70","3,749.85","194,504,420.00","21,975,420.00",0
TEM Enterprises dba  Avelo Airlines,2023,"17,824.00","2,301,133.00","3,006,202.00",76.5,129.1,168.66,791.15,808.1,"810,643,900.00",0,0,"17,753.00","2,296,410.00","2,992,783.00",76.7,129.35,168.58,789.59,806.78,"807,021,000.00",0,0,36,"2,458.00","6,804.00",36.1,68.28,189,"1,187.19","1,432.05","1,834,200.00",0,0,35,"2,265.00","6,615.00",34.2,64.71,189,"1,178.49","1,463.85","1,788,700.00",0,0
Taca International Airlines,2023,"11,538.00","1,657,136.00","2,063,692.00",80.3,143.62,178.86,"1,866.60","1,890.24","482,456,788.00","9,383,637.00",0,1,85,180,47.2,85,180,192,192,"36,835.00",0,0,"5,766.00","829,739.00","1,028,134.00",80.7,143.9,178.31,"1,867.01","1,899.40","238,022,048.00","1,382,991.00",0,"5,771.00","827,312.00","1,035,378.00",79.9,143.36,179.41,"1,866.49","1,881.24","244,397,905.00","8,000,646.00",0
"Tailwind Air, LLC",2023,"1,290.00","5,365.00","11,390.00",47.1,4.16,8.83,356.85,405.15,"3,764,068.00",0,0,"1,240.00","5,089.00","10,955.00",46.5,4.1,8.83,324.3,362.18,"3,601,228.00",0,0,25,146,216,67.6,5.84,8.64,"1,202.16","1,217.71","83,090.00",0,0,25,130,219,59.4,5.2,8.76,"1,126.28","1,174.60","79,750.00",0,0
Talofa Airways Limited,2023,"3,870.00","26,979.00","34,830.00",77.5,6.97,9,96,95.41,"8,032,530.00","65,340.00",0,0,0,0,0,0,0,0,0,0,0,0,"1,937.00","13,288.00","17,433.00",76.2,6.86,9,95.99,95.44,"4,020,423.00","38,428.00",0,"1,933.00","13,691.00","17,397.00",78.7,7.08,9,96,95.37,"4,012,107.00","26,912.00",0
Tatonduk Outfitters Limited d/b/a Everts Air Alaska and Everts Air Cargo,2023,"9,293.00","19,965.00","53,109.00",37.6,2.15,5.71,300.48,220.92,"159,209,406.00","23,666,325.00","29,536,127.00","9,172.00","19,965.00","53,109.00",37.6,2.18,5.79,297.78,220.92,"153,979,423.00","22,507,876.00","29,536,127.00",61,0,0,0,0,0,508.84,0,"2,636,603.00","944,395.00",0,60,0,0,0,0,0,501.12,0,"2,593,380.00","214,054.00",0
Titan Airways,2023,139,"1,280.00","3,604.00",35.5,9.21,25.93,"3,594.80","2,866.65","11,497,266.00","7,502,880.00",0,11,61,660,9.2,5.55,60,"1,821.82","1,422.36","394,922.00",0,0,66,651,"1,380.00",47.2,9.86,20.91,"3,654.24","2,659.84","5,509,922.00","3,995,928.00",0,62,568,"1,564.00",36.3,9.16,25.23,"3,846.08","3,258.79","5,592,422.00","3,506,952.00",0
Tradewind Aviation,2023,"13,675.00","66,893.00","109,402.00",61.1,4.89,8,214.66,209.88,"47,707,850.00",0,0,"7,184.00","29,633.00","57,474.00",51.6,4.12,8,216.3,209.64,"25,254,700.00",0,0,"3,250.00","18,287.00","26,000.00",70.3,5.63,8,212.38,209.52,"11,245,800.00",0,0,"3,241.00","18,973.00","25,928.00",73.2,5.85,8,213.33,210.62,"11,207,350.00",0,0
Transportes Aereos Mercantiles Panamericanos S.A,2023,"6,290.00",0,0,0,0,0,"1,732.48",0,"831,903,820.00","587,973,096.00",0,3,0,0,0,0,0,731.33,0,"429,000.00","139,544.00",0,"3,113.00",0,0,0,0,0,"1,874.82",0,"411,188,140.00","211,622,253.00",0,"3,174.00",0,0,0,0,0,"1,593.83",0,"420,286,680.00","376,211,299.00",0
Tropic Ocean Airways LLC,2023,"7,785.00","25,071.00","62,283.00",40.3,3.22,8,95.4,91.99,"23,899,950.00","9,390.00",0,"2,348.00","3,453.00","18,787.00",18.4,1.47,8,75.79,94.11,"7,208,360.00",0,0,"2,745.00","10,434.00","21,960.00",47.5,3.8,8,104.54,92.35,"8,427,150.00","9,390.00",0,"2,692.00","11,184.00","21,536.00",51.9,4.15,8,103.18,91,"8,264,440.00",0,0
Turk Hava Yollari A.O.,2023,"13,775.00","3,422,134.00","4,014,863.00",85.2,248.43,291.46,"5,601.71","5,774.98","1,846,023,880.00","351,097,873.00",0,136,"1,484.00","3,541.00",41.9,10.91,26.04,749.32,528.82,"29,048,959.00","10,832,881.00",0,"6,821.00","1,662,822.00","2,007,497.00",82.8,243.78,294.31,"5,655.77","5,781.97","909,508,316.00","145,880,667.00",0,"6,818.00","1,757,828.00","2,003,825.00",87.7,257.82,293.9,"5,644.41","5,772.80","907,466,605.00","194,384,325.00",0
USA Jet Airlines Inc.,2023,"4,921.00",0,954,0,0,0.19,711.66,0,"151,588,822.00","18,807,987.00",0,"3,869.00",0,828,0,0,0.21,739.13,0,"114,100,822.00","13,985,147.00",0,524,0,54,0,0,0.1,730.83,0,"18,696,000.00","2,776,906.00",0,528,0,72,0,0,0.14,491.37,0,"18,792,000.00","2,045,934.00",0
Unijet,2023,20,41,280,14.6,2.05,14,"3,950.30","4,019.37","56,060.00",0,0,0,0,0,0,0,0,0,0,0,0,0,10,28,140,20,2.8,14,"3,909.80","4,067.89","28,030.00",0,0,10,13,140,9.3,1.3,14,"3,990.80","3,914.85","28,030.00",0,0
United Air Lines Inc.,2023,"910,687.00","134,500,774.00","160,406,458.00",83.8,147.69,176.14,"1,491.75","1,709.41","42,885,084,890.00","1,385,712,976.00","141,379,748.00","725,563.00","103,287,859.00","122,827,400.00",84.1,142.36,169.29,"1,115.81","1,199.24","31,257,089,708.00","340,217,265.00","85,756,012.00","92,634.00","15,602,515.00","18,819,510.00",82.9,168.43,203.16,"2,965.73","3,394.41","5,769,653,796.00","345,741,074.00","28,544,830.00","92,490.00","15,610,400.00","18,759,548.00",83.2,168.78,202.83,"2,964.63","3,400.81","5,858,341,386.00","699,754,637.00","27,078,906.00"
United Parcel Service,2023,"157,082.00",0,0,0,0,0,"1,180.49",0,"18,877,568,128.00","8,852,653,123.00","303,215,197.00","138,376.00",0,0,0,0,0,958.4,0,"16,123,479,083.00","6,955,008,419.00","303,100,126.00","9,352.00",0,0,0,0,0,"2,893.72",0,"1,261,390,383.00","653,546,569.00",103,"9,354.00",0,0,0,0,0,"2,753.01",0,"1,492,698,662.00","1,244,098,135.00","114,968.00"
Uzbekistan Airways,2023,362,"75,075.00","97,940.00",76.7,207.39,270.55,"6,339.00","6,339.00","34,141,668.00","3,237,465.00",0,0,0,0,0,0,0,0,0,0,0,0,181,"37,072.00","48,870.00",75.9,204.82,270,"6,339.00","6,339.00","17,070,834.00","2,206,213.00",0,181,"38,003.00","49,070.00",77.4,209.96,271.1,"6,339.00","6,339.00","17,070,834.00","1,031,252.00",0
VRG Linhas Aereas S A,2023,"1,562.00","219,379.00","259,620.00",84.5,140.45,166.21,"3,545.50","3,574.01","67,125,960.00",0,0,7,358,516,69.4,51.14,73.71,"1,544.00",185.04,"130,680.00",0,0,771,"108,931.00","128,508.00",84.8,141.29,166.68,"3,563.53","3,590.92","33,323,400.00",0,0,784,"110,090.00","130,596.00",84.3,140.42,166.58,"3,545.64","3,568.30","33,671,880.00",0,0
Venture Travel LLC d/b/a Taquan Air Service,2023,"5,033.00","6,726.00","36,523.00",18.4,1.34,7.26,29.66,12.95,"8,022,000.00","881,014.00","876,196.00","5,033.00","6,726.00","36,523.00",18.4,1.34,7.26,29.66,12.95,"8,022,000.00","881,014.00","876,196.00",0,0,0,0,0,0,0,0,0,0,0,0,0,0,0,0,0,0,0,0,0,0
Via Airlines d/b/a Sterling Airways,2023,804,"14,160.00","36,180.00",39.1,17.61,45,466.85,561.66,"8,286,828.00",0,0,804,"14,160.00","36,180.00",39.1,17.61,45,466.85,561.66,"8,286,828.00",0,0,0,0,0,0,0,0,0,0,0,0,0,0,0,0,0,0,0,0,0,0,0,0
Vieques Air Link Inc.,2023,"8,177.00","46,875.00","91,745.00",51.1,5.73,11.22,27.02,27.14,"14,718,600.00",0,0,"8,177.00","46,875.00","91,745.00",51.1,5.73,11.22,27.02,27.14,"14,718,600.00",0,0,0,0,0,0,0,0,0,0,0,0,0,0,0,0,0,0,0,0,0,0,0,0
Virgin Atlantic Airways,2023,"15,792.00","3,423,684.00","4,540,799.00",75.4,216.8,287.54,"4,267.94","4,259.00","1,902,785,174.00","222,837,450.00",0,10,"2,670.00","2,976.00",89.7,267,297.6,305.4,309.15,"1,231,052.00",0,0,"7,909.00","1,720,103.00","2,272,868.00",75.7,217.49,287.38,"4,268.28","4,257.74","952,456,370.00","75,386,035.00",0,"7,873.00","1,700,911.00","2,264,955.00",75.1,216.04,287.69,"4,272.64","4,266.48","949,097,752.00","147,451,415.00",0
VistaJet Limited,2023,"2,664.00","11,956.00","37,301.00",32.1,4.49,14,"4,323.35","4,143.09","7,462,672.00",0,0,11,47,154,30.5,4.27,14,"2,239.18","2,540.28","30,811.00",0,0,"1,254.00","5,564.00","17,556.00",31.7,4.44,14,"4,327.10","4,167.22","3,512,367.00",0,0,"1,399.00","6,345.00","19,591.00",32.4,4.54,14,"4,336.37","4,133.80","3,919,494.00",0,0
Volkswagen AirSevice GmbH dba Volkswagon,2023,51,181,548,33,3.55,10.75,"3,414.51","3,477.92","214,329.00",0,0,11,28,81,34.6,2.55,7.36,"1,169.18","1,238.21","32,228.00",0,0,21,76,245,31,3.62,11.67,"4,197.67","4,183.42","95,690.00",0,0,19,77,222,34.7,4.05,11.68,"3,848.84","3,596.03","86,411.00",0,0
"Vuela Aviacion, S.A.",2023,"1,581.00","201,627.00","261,775.00",77,127.53,165.58,"2,144.08","2,142.15","65,542,684.00","1,476,301.00",0,0,0,0,0,0,0,0,0,0,0,0,790,"101,489.00","130,812.00",77.6,128.47,165.58,"2,144.04","2,144.60","32,752,070.00","290,436.00",0,791,"100,138.00","130,963.00",76.5,126.6,165.57,"2,144.11","2,139.67","32,790,614.00","1,185,865.00",0
Vuela EL Salvador S.A. de C.V.,2023,"2,997.00","403,248.00","557,442.00",72.3,134.55,186,"1,974.75","1,998.05","134,164,900.00",0,0,0,0,0,0,0,0,0,0,0,0,0,"1,498.00","201,674.00","278,628.00",72.4,134.63,186,"1,974.78","2,002.48","67,059,138.00",0,0,"1,499.00","201,574.00","278,814.00",72.3,134.47,186,"1,974.73","1,993.62","67,105,762.00",0,0
Warbelow,2023,"5,851.00","20,309.00","46,305.00",43.9,3.47,7.91,125.78,146.45,"14,547,192.00","503,997.00","179,326.00","5,851.00","20,309.00","46,305.00",43.9,3.47,7.91,125.78,146.45,"14,547,192.00","503,997.00","179,326.00",0,0,0,0,0,0,0,0,0,0,0,0,0,0,0,0,0,0,0,0,0,0
"Western Air Charter, Inc.  d/b/a  Jet Edge",2023,"6,653.00","19,388.00","89,282.00",21.7,2.91,13.42,"1,091.56","1,500.63","31,390,930.00",0,0,"5,676.00","15,071.00","76,059.00",19.8,2.66,13.4,993.14,"1,354.10","26,422,240.00",0,0,485,"2,084.00","6,561.00",31.8,4.3,13.53,"1,692.69","2,090.39","2,465,395.00",0,0,492,"2,233.00","6,662.00",33.5,4.54,13.54,"1,634.40","1,939.15","2,503,295.00",0,0
Western Air Ltd,2023,976,"23,381.00","48,800.00",47.9,23.96,50,182,182,"4,675,709.00",0,0,0,0,0,0,0,0,0,0,0,0,0,482,"11,019.00","24,100.00",45.7,22.86,50,182,182,"2,203,565.00",0,0,494,"12,362.00","24,700.00",50,25.02,50,182,182,"2,472,144.00",0,0
Western Global,2023,"1,527.00",0,0,0,0,0,"3,140.95",0,"339,419,730.00","132,891,280.00",0,749,0,0,0,0,0,"1,920.14",0,"165,734,926.00","53,463,773.00",0,390,0,0,0,0,0,"4,360.90",0,"87,089,676.00","24,897,321.00",0,388,0,0,0,0,0,"4,271.37",0,"86,595,128.00","54,530,186.00",0
Westjet,2023,"34,111.00","4,802,336.00","5,426,408.00",88.5,140.79,159.08,"1,388.19","1,434.94","1,331,100,732.00","1,889,940.00",0,2,159,304,52.3,79.5,152,255,291.89,"75,845.00",0,0,"17,036.00","2,405,490.00","2,711,375.00",88.7,141.2,159.16,"1,388.30","1,432.04","664,639,750.00","818,181.00",0,"17,073.00","2,396,687.00","2,714,729.00",88.3,140.38,159.01,"1,388.22","1,437.93","666,385,137.00","1,071,759.00",0
Wright Air Service,2023,"25,173.00","94,778.00","188,263.00",50.3,3.77,7.48,148.65,154.55,"58,166,731.00","6,791,112.00","6,655,739.00","25,173.00","94,778.00","188,263.00",50.3,3.77,7.48,148.65,154.55,"58,166,731.00","6,791,112.00","6,655,739.00",0,0,0,0,0,0,0,0,0,0,0,0,0,0,0,0,0,0,0,0,0,0
"Xiamen Airlines Co., Ltd.",2023,272,"74,065.00","78,064.00",94.9,272.3,287,"6,964.00","6,964.00","23,917,372.00","5,166,781.00",0,0,0,0,0,0,0,0,0,0,0,0,136,"37,320.00","39,032.00",95.6,274.41,287,"6,964.00","6,964.00","10,683,157.00","1,357,966.00",0,136,"36,745.00","39,032.00",94.1,270.18,287,"6,964.00","6,964.00","13,234,215.00","3,808,815.00",0
ZIPAIR Tokyo Inc.,2023,"1,960.00","429,090.00","568,400.00",75.5,218.92,290,"4,991.36","5,018.35","132,463,117.00","28,906,953.00",0,0,0,0,0,0,0,0,0,0,0,0,980,"211,048.00","284,200.00",74.3,215.36,290,"4,991.36","5,024.74","60,742,087.00","11,820,893.00",0,980,"218,042.00","284,200.00",76.7,222.49,290,"4,991.36","5,012.17","71,721,030.00","17,086,060.00",0